Reference Name,Display Name,Description,Type,Usage,Is Queryable,Can Sort By,Is Identity,Is Picklist,Picklist ID,Is Picklist Suggested,Read Only,Is Locked,Supported Operations Count,URL
Custom.1idInitiative,1id Initiative,Alignment with 1id Initiative,string,workItem,True,True,False,True,29807158-22b9-44b2-8ccf-b6a302ce45f0,False,False,False,19,https://dev.azure.com/1id/_apis/wit/fields/Custom.1idInitiative
Microsoft.VSTS.Common.AcceptanceCriteria,Acceptance Criteria,,html,workItem,True,False,False,False,,False,False,False,2,https://dev.azure.com/1id/_apis/wit/fields/Microsoft.VSTS.Common.AcceptanceCriteria
Microsoft.VSTS.CodeReview.AcceptedBy,Accepted By,,string,workItem,True,True,True,False,,False,False,False,19,https://dev.azure.com/1id/_apis/wit/fields/Microsoft.VSTS.CodeReview.AcceptedBy
Microsoft.VSTS.CodeReview.AcceptedDate,Accepted Date,,dateTime,workItem,True,True,False,False,,False,False,False,14,https://dev.azure.com/1id/_apis/wit/fields/Microsoft.VSTS.CodeReview.AcceptedDate
Microsoft.VSTS.Common.ActivatedBy,Activated By,,string,workItem,True,True,True,False,,False,False,False,19,https://dev.azure.com/1id/_apis/wit/fields/Microsoft.VSTS.Common.ActivatedBy
Microsoft.VSTS.Common.ActivatedDate,Activated Date,,dateTime,workItem,True,True,False,False,,False,False,False,14,https://dev.azure.com/1id/_apis/wit/fields/Microsoft.VSTS.Common.ActivatedDate
Custom.ActiveRoles,Active Roles,,boolean,workItem,True,True,False,False,,False,False,False,5,https://dev.azure.com/1id/_apis/wit/fields/Custom.ActiveRoles
Custom.ActiveRolesVertical,Active Roles Vertical,,boolean,workItem,True,True,False,False,,False,False,False,5,https://dev.azure.com/1id/_apis/wit/fields/Custom.ActiveRolesVertical
Microsoft.VSTS.Common.Activity,Activity,Type of work involved,string,workItem,True,True,False,False,,False,False,False,19,https://dev.azure.com/1id/_apis/wit/fields/Microsoft.VSTS.Common.Activity
Microsoft.VSTS.CMMI.ActualAttendee1,Actual Attendee 1,,string,workItem,True,True,True,False,,False,False,False,19,https://dev.azure.com/1id/_apis/wit/fields/Microsoft.VSTS.CMMI.ActualAttendee1
Microsoft.VSTS.CMMI.ActualAttendee2,Actual Attendee 2,,string,workItem,True,True,True,False,,False,False,False,19,https://dev.azure.com/1id/_apis/wit/fields/Microsoft.VSTS.CMMI.ActualAttendee2
Microsoft.VSTS.CMMI.ActualAttendee3,Actual Attendee 3,,string,workItem,True,True,True,False,,False,False,False,19,https://dev.azure.com/1id/_apis/wit/fields/Microsoft.VSTS.CMMI.ActualAttendee3
Microsoft.VSTS.CMMI.ActualAttendee4,Actual Attendee 4,,string,workItem,True,True,True,False,,False,False,False,19,https://dev.azure.com/1id/_apis/wit/fields/Microsoft.VSTS.CMMI.ActualAttendee4
Microsoft.VSTS.CMMI.ActualAttendee5,Actual Attendee 5,,string,workItem,True,True,True,False,,False,False,False,19,https://dev.azure.com/1id/_apis/wit/fields/Microsoft.VSTS.CMMI.ActualAttendee5
Microsoft.VSTS.CMMI.ActualAttendee6,Actual Attendee 6,,string,workItem,True,True,True,False,,False,False,False,19,https://dev.azure.com/1id/_apis/wit/fields/Microsoft.VSTS.CMMI.ActualAttendee6
Microsoft.VSTS.CMMI.ActualAttendee7,Actual Attendee 7,,string,workItem,True,True,True,False,,False,False,False,19,https://dev.azure.com/1id/_apis/wit/fields/Microsoft.VSTS.CMMI.ActualAttendee7
Microsoft.VSTS.CMMI.ActualAttendee8,Actual Attendee 8,,string,workItem,True,True,True,False,,False,False,False,19,https://dev.azure.com/1id/_apis/wit/fields/Microsoft.VSTS.CMMI.ActualAttendee8
Custom.AffectedServices,Affected Services,,string,workItem,True,True,False,False,,False,False,False,19,https://dev.azure.com/1id/_apis/wit/fields/Custom.AffectedServices
Custom.AffectedVersion,Affected Version,,string,workItem,True,True,False,True,d6741f8b-be7d-4ef5-82b4-92b0bd2c8574,True,False,False,19,https://dev.azure.com/1id/_apis/wit/fields/Custom.AffectedVersion
Microsoft.VSTS.CMMI.Analysis,Analysis,The analysis of the issue including root cause identification and potential solutions,html,workItem,True,False,False,False,,False,False,False,2,https://dev.azure.com/1id/_apis/wit/fields/Microsoft.VSTS.CMMI.Analysis
Microsoft.VSTS.Feedback.ApplicationLaunchInstructions,Application Launch Instructions,Instructions to launch the specified application,html,workItem,True,False,False,False,,False,False,False,2,https://dev.azure.com/1id/_apis/wit/fields/Microsoft.VSTS.Feedback.ApplicationLaunchInstructions
Microsoft.VSTS.Feedback.ApplicationStartInformation,Application Start Information,The path to execute the application,plainText,workItem,True,False,False,False,,False,False,False,2,https://dev.azure.com/1id/_apis/wit/fields/Microsoft.VSTS.Feedback.ApplicationStartInformation
Microsoft.VSTS.Feedback.ApplicationType,Application Type,The type of application on which to give feedback,string,workItem,True,True,False,False,,False,False,False,19,https://dev.azure.com/1id/_apis/wit/fields/Microsoft.VSTS.Feedback.ApplicationType
Custom.ApprovedbyTechComm,Approved by Tech Comm,,boolean,workItem,True,True,False,False,,False,False,False,5,https://dev.azure.com/1id/_apis/wit/fields/Custom.ApprovedbyTechComm
Custom.Approvers,Approvers,,html,workItem,True,False,False,False,,False,False,False,2,https://dev.azure.com/1id/_apis/wit/fields/Custom.Approvers
Custom.ArchitectureForum,Architecture Forum,,string,workItem,True,True,False,True,7f3be36c-7c17-4580-81ef-cdcdb6fa2f80,False,False,False,19,https://dev.azure.com/1id/_apis/wit/fields/Custom.ArchitectureForum
System.AreaId,Area ID,,integer,workItem,True,True,False,False,,False,False,False,15,https://dev.azure.com/1id/_apis/wit/fields/System.AreaId
System.AreaLevel1,Area Level 1,,string,workItem,True,True,False,False,,False,False,False,18,https://dev.azure.com/1id/_apis/wit/fields/System.AreaLevel1
System.AreaLevel2,Area Level 2,,string,workItem,True,True,False,False,,False,False,False,18,https://dev.azure.com/1id/_apis/wit/fields/System.AreaLevel2
System.AreaLevel3,Area Level 3,,string,workItem,True,True,False,False,,False,False,False,18,https://dev.azure.com/1id/_apis/wit/fields/System.AreaLevel3
System.AreaLevel4,Area Level 4,,string,workItem,True,True,False,False,,False,False,False,18,https://dev.azure.com/1id/_apis/wit/fields/System.AreaLevel4
System.AreaLevel5,Area Level 5,,string,workItem,True,True,False,False,,False,False,False,18,https://dev.azure.com/1id/_apis/wit/fields/System.AreaLevel5
System.AreaLevel6,Area Level 6,,string,workItem,True,True,False,False,,False,False,False,18,https://dev.azure.com/1id/_apis/wit/fields/System.AreaLevel6
System.AreaLevel7,Area Level 7,,string,workItem,True,True,False,False,,False,False,False,18,https://dev.azure.com/1id/_apis/wit/fields/System.AreaLevel7
System.AreaPath,Area Path,The area of the product with which this bug is associated,treePath,workItem,True,True,False,False,,False,False,False,6,https://dev.azure.com/1id/_apis/wit/fields/System.AreaPath
System.AssignedTo,Assigned To,The person currently working on this bug,string,workItem,True,True,True,False,,False,False,False,19,https://dev.azure.com/1id/_apis/wit/fields/System.AssignedTo
Microsoft.VSTS.CodeReview.Context,Associated Context,,string,workItem,True,True,False,False,,False,False,False,19,https://dev.azure.com/1id/_apis/wit/fields/Microsoft.VSTS.CodeReview.Context
Microsoft.VSTS.CodeReview.ContextCode,Associated Context Code,,integer,workItem,True,True,False,False,,False,False,False,15,https://dev.azure.com/1id/_apis/wit/fields/Microsoft.VSTS.CodeReview.ContextCode
Microsoft.VSTS.CodeReview.ContextOwner,Associated Context Owner,,string,workItem,True,True,False,False,,False,False,False,19,https://dev.azure.com/1id/_apis/wit/fields/Microsoft.VSTS.CodeReview.ContextOwner
Microsoft.VSTS.CodeReview.ContextType,Associated Context Type,,string,workItem,True,True,False,False,,False,False,False,19,https://dev.azure.com/1id/_apis/wit/fields/Microsoft.VSTS.CodeReview.ContextType
System.AttachedFileCount,Attached File Count,,integer,workItem,True,True,False,False,,False,True,False,14,https://dev.azure.com/1id/_apis/wit/fields/System.AttachedFileCount
System.AttachedFiles,Attached Files,,string,workItem,False,False,False,False,,False,False,False,19,https://dev.azure.com/1id/_apis/wit/fields/System.AttachedFiles
System.AuthorizedAs,Authorized As,,string,workItem,True,True,True,False,,False,True,False,18,https://dev.azure.com/1id/_apis/wit/fields/System.AuthorizedAs
System.AuthorizedDate,Authorized Date,,dateTime,workItem,True,True,False,False,,False,True,False,14,https://dev.azure.com/1id/_apis/wit/fields/System.AuthorizedDate
Microsoft.VSTS.TCM.AutomatedTestId,Automated Test Id,The ID of the test that automates this test case,string,workItem,True,True,False,False,,False,False,False,19,https://dev.azure.com/1id/_apis/wit/fields/Microsoft.VSTS.TCM.AutomatedTestId
Microsoft.VSTS.TCM.AutomatedTestName,Automated Test Name,The name of the test that automates this test case,string,workItem,True,True,False,False,,False,False,False,19,https://dev.azure.com/1id/_apis/wit/fields/Microsoft.VSTS.TCM.AutomatedTestName
Microsoft.VSTS.TCM.AutomatedTestStorage,Automated Test Storage,The assembly containing the test that automates this test case,string,workItem,True,True,False,False,,False,False,False,19,https://dev.azure.com/1id/_apis/wit/fields/Microsoft.VSTS.TCM.AutomatedTestStorage
Microsoft.VSTS.TCM.AutomatedTestType,Automated Test Type,The type of the test that automates this test case,string,workItem,True,True,False,False,,False,False,False,19,https://dev.azure.com/1id/_apis/wit/fields/Microsoft.VSTS.TCM.AutomatedTestType
Microsoft.VSTS.TCM.AutomationStatus,Automation status,,string,workItem,True,True,False,False,,False,False,False,19,https://dev.azure.com/1id/_apis/wit/fields/Microsoft.VSTS.TCM.AutomationStatus
Microsoft.VSTS.Common.BacklogPriority,Backlog Priority,,double,workItem,True,True,False,False,,False,False,False,15,https://dev.azure.com/1id/_apis/wit/fields/Microsoft.VSTS.Common.BacklogPriority
Custom.BehaviorChange,Behavior Change,Used to identify which the work item requires documentation updates or customer communication,boolean,workItem,True,True,False,False,,False,False,False,5,https://dev.azure.com/1id/_apis/wit/fields/Custom.BehaviorChange
System.BISLinks,BIS Links,,string,workItem,False,False,False,False,,False,False,False,19,https://dev.azure.com/1id/_apis/wit/fields/System.BISLinks
Microsoft.VSTS.CMMI.Blocked,Blocked,,string,workItem,True,True,False,False,,False,False,False,19,https://dev.azure.com/1id/_apis/wit/fields/Microsoft.VSTS.CMMI.Blocked
System.BoardColumn,Board Column,,string,workItem,True,True,False,False,,False,True,False,18,https://dev.azure.com/1id/_apis/wit/fields/System.BoardColumn
System.BoardColumnDone,Board Column Done,,boolean,workItem,True,True,False,False,,False,True,False,4,https://dev.azure.com/1id/_apis/wit/fields/System.BoardColumnDone
System.BoardLane,Board Lane,,string,workItem,True,True,False,False,,False,True,False,18,https://dev.azure.com/1id/_apis/wit/fields/System.BoardLane
Custom.BugBranch,BugBranch,,string,workItem,True,True,False,False,,False,False,False,19,https://dev.azure.com/1id/_apis/wit/fields/Custom.BugBranch
Custom.BugEffort,BugEffort,,integer,workItem,True,True,False,False,,False,False,False,15,https://dev.azure.com/1id/_apis/wit/fields/Custom.BugEffort
Custom.BugOrigin,BugOrigin,,string,workItem,True,True,False,False,,False,False,False,19,https://dev.azure.com/1id/_apis/wit/fields/Custom.BugOrigin
Custom.BugPriority,BugPriority,,string,workItem,True,True,False,True,7097487d-94d0-4e89-afaf-0b03468bbc73,False,False,False,19,https://dev.azure.com/1id/_apis/wit/fields/Custom.BugPriority
Custom.4c3922ed-24d3-4cdd-b680-f978318d30c7,BugSeverity,,string,workItem,True,True,False,True,b8cae83d-158f-4dc6-81f9-7fd053bcb8de,False,False,False,19,https://dev.azure.com/1id/_apis/wit/fields/Custom.4c3922ed-24d3-4cdd-b680-f978318d30c7
Custom.Bugtest,Bugtest,,string,workItem,True,True,False,False,,False,False,False,19,https://dev.azure.com/1id/_apis/wit/fields/Custom.Bugtest
Custom.BusinessOutcome,Business Outcome,Justification on why performing this work is valuable to the business.,html,workItem,True,False,False,False,,False,False,False,2,https://dev.azure.com/1id/_apis/wit/fields/Custom.BusinessOutcome
Microsoft.VSTS.Common.BusinessValue,Business Value,The business value for the customer when the epic is released,integer,workItem,True,True,False,False,,False,False,False,15,https://dev.azure.com/1id/_apis/wit/fields/Microsoft.VSTS.Common.BusinessValue
Custom.CABApprovedPAR,CAB Approved PAR,Use for Pre-Approved CAB work items,string,workItem,True,True,False,False,,False,False,False,19,https://dev.azure.com/1id/_apis/wit/fields/Custom.CABApprovedPAR
Microsoft.VSTS.CMMI.CalledBy,Called By,The person who called the review,string,workItem,True,True,True,False,,False,False,False,19,https://dev.azure.com/1id/_apis/wit/fields/Microsoft.VSTS.CMMI.CalledBy
Microsoft.VSTS.CMMI.CalledDate,Called Date,The date and time the review was called,dateTime,workItem,True,True,False,False,,False,False,False,14,https://dev.azure.com/1id/_apis/wit/fields/Microsoft.VSTS.CMMI.CalledDate
Custom.CascadingTechArea,CascadingTechArea,,string,workItem,True,True,False,True,a25cd367-5dbc-4647-bd38-e7c0e1d11061,False,False,False,19,https://dev.azure.com/1id/_apis/wit/fields/Custom.CascadingTechArea
Custom.ChangeCompletionDate,Change Completion Date,,dateTime,workItem,True,True,False,False,,False,False,False,14,https://dev.azure.com/1id/_apis/wit/fields/Custom.ChangeCompletionDate
Custom.ChangeRisk,Change Risk,,string,workItem,True,True,False,True,92071310-27ab-4cc0-88da-aa8fac7b9478,False,False,False,19,https://dev.azure.com/1id/_apis/wit/fields/Custom.ChangeRisk
System.ChangedBy,Changed By,,string,workItem,True,True,True,False,,False,False,False,19,https://dev.azure.com/1id/_apis/wit/fields/System.ChangedBy
System.ChangedDate,Changed Date,,dateTime,workItem,True,True,False,False,,False,True,False,14,https://dev.azure.com/1id/_apis/wit/fields/System.ChangedDate
Microsoft.VSTS.Common.ClosedBy,Closed By,,string,workItem,True,True,True,False,,False,False,False,19,https://dev.azure.com/1id/_apis/wit/fields/Microsoft.VSTS.Common.ClosedBy
Microsoft.VSTS.Common.ClosedDate,Closed Date,,dateTime,workItem,True,True,False,False,,False,False,False,14,https://dev.azure.com/1id/_apis/wit/fields/Microsoft.VSTS.Common.ClosedDate
Microsoft.VSTS.CodeReview.ClosedStatus,Closed Status,,string,workItem,True,True,False,False,,False,False,False,19,https://dev.azure.com/1id/_apis/wit/fields/Microsoft.VSTS.CodeReview.ClosedStatus
Microsoft.VSTS.CodeReview.ClosedStatusCode,Closed Status Code,,integer,workItem,True,True,False,False,,False,False,False,15,https://dev.azure.com/1id/_apis/wit/fields/Microsoft.VSTS.CodeReview.ClosedStatusCode
Microsoft.VSTS.CodeReview.ClosingComment,Closing Comment,,string,workItem,True,True,False,False,,False,False,False,19,https://dev.azure.com/1id/_apis/wit/fields/Microsoft.VSTS.CodeReview.ClosingComment
System.CommentCount,Comment Count,,integer,workItem,True,True,False,False,,False,True,False,14,https://dev.azure.com/1id/_apis/wit/fields/System.CommentCount
Microsoft.VSTS.CMMI.Comments,Comments,Comments for the review,html,workItem,True,False,False,False,,False,False,False,2,https://dev.azure.com/1id/_apis/wit/fields/Microsoft.VSTS.CMMI.Comments
Microsoft.VSTS.CMMI.Committed,Committed,Has the requirement been committed?,string,workItem,True,True,False,False,,False,False,False,19,https://dev.azure.com/1id/_apis/wit/fields/Microsoft.VSTS.CMMI.Committed
Microsoft.VSTS.Scheduling.CompletedWork,Completed Work,The number of units of work that have been spent on this bug,double,workItem,True,True,False,False,,False,False,False,15,https://dev.azure.com/1id/_apis/wit/fields/Microsoft.VSTS.Scheduling.CompletedWork
Custom.Component,Component,,string,workItem,True,True,False,False,,False,False,False,19,https://dev.azure.com/1id/_apis/wit/fields/Custom.Component
Custom.Components,Components,,string,workItem,True,True,False,False,,False,False,False,19,https://dev.azure.com/1id/_apis/wit/fields/Custom.Components
Custom.Components12,Components12,,string,workItem,True,True,False,True,e22e4d4a-810d-4e2f-a8d0-b97b11ca5443,False,False,False,19,https://dev.azure.com/1id/_apis/wit/fields/Custom.Components12
Microsoft.VSTS.CMMI.ContingencyPlan,Contingency Plan,,html,workItem,True,False,False,False,,False,False,False,2,https://dev.azure.com/1id/_apis/wit/fields/Microsoft.VSTS.CMMI.ContingencyPlan
Microsoft.VSTS.CMMI.CorrectiveActionActualResolution,Corrective Action Actual Resolution,,html,workItem,True,False,False,False,,False,False,False,2,https://dev.azure.com/1id/_apis/wit/fields/Microsoft.VSTS.CMMI.CorrectiveActionActualResolution
Microsoft.VSTS.CMMI.CorrectiveActionPlan,Corrective Action Plan,,html,workItem,True,False,False,False,,False,False,False,2,https://dev.azure.com/1id/_apis/wit/fields/Microsoft.VSTS.CMMI.CorrectiveActionPlan
Custom.CPDBrief,CPD Brief,Short narrative summary of Customer Problem Statement with link to CPD document.,html,workItem,True,False,False,False,,False,False,False,2,https://dev.azure.com/1id/_apis/wit/fields/Custom.CPDBrief
Custom.CPDLink,CPD Link,Direct link to Customer Problem Statement URL,string,workItem,True,True,False,False,,False,False,False,19,https://dev.azure.com/1id/_apis/wit/fields/Custom.CPDLink
Custom.CR#,CR #,Should be input for Escalated work items,string,workItem,True,True,False,False,,False,False,False,19,https://dev.azure.com/1id/_apis/wit/fields/Custom.CR#
System.CreatedBy,Created By,,string,workItem,True,True,True,False,,False,True,False,19,https://dev.azure.com/1id/_apis/wit/fields/System.CreatedBy
System.CreatedDate,Created Date,,dateTime,workItem,True,True,False,False,,False,True,False,14,https://dev.azure.com/1id/_apis/wit/fields/System.CreatedDate
Custom.CrossTeamTest,Cross Team Test,,string,workItem,True,True,False,True,d39e118a-129d-4ee0-a5b8-0484a501d8cf,False,False,False,19,https://dev.azure.com/1id/_apis/wit/fields/Custom.CrossTeamTest
Custom.CurrentCYQuarter,Current CY Quarter,,string,workItem,True,True,False,True,b11c74e6-14d2-4106-8590-6a8c94c2dd70,False,False,False,19,https://dev.azure.com/1id/_apis/wit/fields/Custom.CurrentCYQuarter
Custom.CurrentQuarter,Current Quarter,Current fiscal year (FY) quarter for commit delivery,string,workItem,True,True,False,True,95d8be48-8530-46da-a56a-c0a6ca95aad4,False,False,False,19,https://dev.azure.com/1id/_apis/wit/fields/Custom.CurrentQuarter
Custom.CurrentYear,Current Year,Current fiscal year (FY) commitment delivery is planned for,integer,workItem,True,True,False,True,78a18d94-943e-409b-aad7-447ca0760644,False,False,False,15,https://dev.azure.com/1id/_apis/wit/fields/Custom.CurrentYear
AgileforVDS.Customer,Customer,,string,workItem,True,True,False,False,,False,False,False,19,https://dev.azure.com/1id/_apis/wit/fields/AgileforVDS.Customer
Custom.CustomerProblemDefinition,Customer Problem Definition,"Define the specific type of customer you are addressing. This could include their role, goals, or other relevant characteristics.",html,workItem,True,False,False,False,,False,False,False,2,https://dev.azure.com/1id/_apis/wit/fields/Custom.CustomerProblemDefinition
Custom.CustomerProblemStatement,Customer Problem Statement,,html,workItem,True,False,False,False,,False,False,False,2,https://dev.azure.com/1id/_apis/wit/fields/Custom.CustomerProblemStatement
Custom.CustomerReportedIncident,Customer Reported Incident,,boolean,workItem,True,True,False,False,,False,False,False,5,https://dev.azure.com/1id/_apis/wit/fields/Custom.CustomerReportedIncident
Custom.DefinitionofDone,Definition of Done,,html,workItem,True,False,False,False,,False,False,False,2,https://dev.azure.com/1id/_apis/wit/fields/Custom.DefinitionofDone
Custom.DefinitionofReady,Definition of Ready,,html,workItem,True,False,False,False,,False,False,False,2,https://dev.azure.com/1id/_apis/wit/fields/Custom.DefinitionofReady
Custom.Definition_of_Done,Definition_of_Done,,html,workItem,True,False,False,False,,False,False,False,2,https://dev.azure.com/1id/_apis/wit/fields/Custom.Definition_of_Done
Custom.DemoVideo,Demo Video,"URL of the demo video for the support training or ""N/A"" if there is nothing to demo.",string,workItem,True,True,False,False,,False,False,False,19,https://dev.azure.com/1id/_apis/wit/fields/Custom.DemoVideo
Custom.Dependencies,Dependencies,,html,workItem,True,False,False,False,,False,False,False,2,https://dev.azure.com/1id/_apis/wit/fields/Custom.Dependencies
System.Description,Description,Description or acceptance criteria for this epic to be considered complete,html,workItem,True,False,False,False,,False,False,False,2,https://dev.azure.com/1id/_apis/wit/fields/System.Description
Custom.DevTeam,Dev Team,,string,workItem,True,True,False,True,2182d78e-aae1-486b-b6c5-e699a23ed757,False,False,False,19,https://dev.azure.com/1id/_apis/wit/fields/Custom.DevTeam
Custom.cd7cbe93-e966-47f1-b468-ca174b117c0a,DevTeam,,string,workItem,True,True,False,True,0a7617f6-38b8-4d8c-a8ea-45564d8e256a,False,False,False,19,https://dev.azure.com/1id/_apis/wit/fields/Custom.cd7cbe93-e966-47f1-b468-ca174b117c0a
Custom.DGEBusinessPriority,DGEBusinessPriority,,string,workItem,True,True,False,True,fcfa53e6-6587-486a-b233-baf1c9392cbd,False,False,False,19,https://dev.azure.com/1id/_apis/wit/fields/Custom.DGEBusinessPriority
Custom.DGECustomerAccount,DGECustomerAccount,,string,workItem,True,True,False,False,,False,False,False,19,https://dev.azure.com/1id/_apis/wit/fields/Custom.DGECustomerAccount
Custom.DGEEscalationStatus,DGEEscalationStatus,,string,workItem,True,True,False,True,66c5be13-19c4-4a40-a0fb-c885431c057d,False,False,False,19,https://dev.azure.com/1id/_apis/wit/fields/Custom.DGEEscalationStatus
Custom.DGEKBDetails,DGEKBDetails,,string,workItem,True,True,False,False,,False,False,False,19,https://dev.azure.com/1id/_apis/wit/fields/Custom.DGEKBDetails
Custom.DGEKBID,DGEKBID,,string,workItem,True,True,False,False,,False,False,False,19,https://dev.azure.com/1id/_apis/wit/fields/Custom.DGEKBID
Custom.DGEKBIdentifier,DGEKBIdentifier,,string,workItem,True,True,False,False,,False,False,False,19,https://dev.azure.com/1id/_apis/wit/fields/Custom.DGEKBIdentifier
Custom.DGEKBInternalExternal,DGEKBInternalExternal,,string,workItem,True,True,False,True,7e3ee160-0667-41aa-af8d-50d3dd97ccad,False,False,False,19,https://dev.azure.com/1id/_apis/wit/fields/Custom.DGEKBInternalExternal
Custom.DGEKBStatus,DGEKBStatus,,string,workItem,True,True,False,True,f1576ab0-56be-4eb2-97f2-75f10aba7580,False,False,False,19,https://dev.azure.com/1id/_apis/wit/fields/Custom.DGEKBStatus
Custom.DGEKBURL,DGEKBURL,,string,workItem,True,True,False,False,,False,False,False,19,https://dev.azure.com/1id/_apis/wit/fields/Custom.DGEKBURL
Custom.DGEPremierCustomer,DGEPremierCustomer,,boolean,workItem,True,True,False,False,,False,False,False,5,https://dev.azure.com/1id/_apis/wit/fields/Custom.DGEPremierCustomer
Custom.DGERequiresD1M,DGERequiresD1M,,boolean,workItem,True,True,False,False,,False,False,False,5,https://dev.azure.com/1id/_apis/wit/fields/Custom.DGERequiresD1M
Custom.DGEServiceRequestNumber,DGEServiceRequestNumber,,string,workItem,True,True,False,False,,False,False,False,19,https://dev.azure.com/1id/_apis/wit/fields/Custom.DGEServiceRequestNumber
Custom.DGETargetVersion,DGETargetVersion,,string,workItem,True,True,False,True,d5b13de3-2330-4a22-a2b2-4cf1339b2018,False,False,False,19,https://dev.azure.com/1id/_apis/wit/fields/Custom.DGETargetVersion
Custom.DGETestDuration,DGETestDuration,Estimate time in hours to manually run this test (e.g. 1.25),integer,workItem,True,True,False,False,,False,False,False,15,https://dev.azure.com/1id/_apis/wit/fields/Custom.DGETestDuration
Microsoft.VSTS.Common.Discipline,Discipline,The discipline to which the bug belongs,string,workItem,True,True,False,False,,False,False,False,19,https://dev.azure.com/1id/_apis/wit/fields/Microsoft.VSTS.Common.Discipline
Custom.DOCTeamApproved,DOC Team Approved,,string,workItem,True,True,False,True,5d1dde81-b901-44da-8047-d365388864d8,False,False,False,19,https://dev.azure.com/1id/_apis/wit/fields/Custom.DOCTeamApproved
Custom.DocumentationAcceptanceCriteria,Documentation Acceptance Criteria,,html,workItem,True,False,False,False,,False,False,False,2,https://dev.azure.com/1id/_apis/wit/fields/Custom.DocumentationAcceptanceCriteria
Custom.DocumentationStatus,Documentation Status,,string,workItem,True,True,False,True,c7871479-6ec7-4d50-9f26-dd0a1b5da3c4,False,False,False,19,https://dev.azure.com/1id/_apis/wit/fields/Custom.DocumentationStatus
Microsoft.VSTS.Scheduling.DueDate,Due Date,The date by which this issue needs to be closed,dateTime,workItem,True,True,False,False,,False,False,False,14,https://dev.azure.com/1id/_apis/wit/fields/Microsoft.VSTS.Scheduling.DueDate
Microsoft.VSTS.Scheduling.Effort,Effort,The estimated effort to implemented the epic,double,workItem,True,True,False,False,,False,False,False,15,https://dev.azure.com/1id/_apis/wit/fields/Microsoft.VSTS.Scheduling.Effort
Custom.EpicLink,Epic Link,,string,workItem,True,True,False,False,,False,False,False,19,https://dev.azure.com/1id/_apis/wit/fields/Custom.EpicLink
Custom.EpicTitle,EpicTitle,,string,workItem,True,True,False,False,,False,False,False,19,https://dev.azure.com/1id/_apis/wit/fields/Custom.EpicTitle
Microsoft.VSTS.CMMI.Escalate,Escalate,Used to flag an issue as critical,string,workItem,True,True,False,False,,False,False,False,19,https://dev.azure.com/1id/_apis/wit/fields/Microsoft.VSTS.CMMI.Escalate
Custom.EscalationDate,Escalation Date,The date when the issue was escalated,dateTime,workItem,True,True,False,False,,False,False,False,14,https://dev.azure.com/1id/_apis/wit/fields/Custom.EscalationDate
Custom.EscalationSource,Escalation Source,,string,workItem,True,True,False,False,,False,False,False,19,https://dev.azure.com/1id/_apis/wit/fields/Custom.EscalationSource
Custom.EstimatedProgressCompleted,Estimated Progress Completed,,integer,workItem,True,True,False,False,,False,False,False,15,https://dev.azure.com/1id/_apis/wit/fields/Custom.EstimatedProgressCompleted
Custom.Estimatedsize,Estimated size,,string,workItem,True,True,False,True,6e8910f3-b9cd-4de0-9874-c2ed78c5f474,False,False,False,19,https://dev.azure.com/1id/_apis/wit/fields/Custom.Estimatedsize
System.ExternalLinkCount,External Link Count,,integer,workItem,True,True,False,False,,False,True,False,14,https://dev.azure.com/1id/_apis/wit/fields/System.ExternalLinkCount
Custom.ExternalPrimaryKey,External Primary Key,,string,workItem,True,True,False,False,,False,False,False,19,https://dev.azure.com/1id/_apis/wit/fields/Custom.ExternalPrimaryKey
Custom.ExternalReferenceId,External Reference Id,Reference External IDs such as those for JIRA,string,workItem,True,True,False,False,,False,False,False,19,https://dev.azure.com/1id/_apis/wit/fields/Custom.ExternalReferenceId
Custom.Feature_Owner,Feature_Owner,,string,workItem,True,True,False,True,8ae57f4d-7483-4283-b6b9-fc4686837fd9,False,False,False,19,https://dev.azure.com/1id/_apis/wit/fields/Custom.Feature_Owner
Custom.FeatureOwner,FeatureOwner,,string,workItem,True,True,False,False,,False,False,False,19,https://dev.azure.com/1id/_apis/wit/fields/Custom.FeatureOwner
Microsoft.VSTS.Scheduling.FinishDate,Finish Date,The date to finish the task,dateTime,workItem,True,True,False,False,,False,False,False,14,https://dev.azure.com/1id/_apis/wit/fields/Microsoft.VSTS.Scheduling.FinishDate
Custom.FixVersion,Fix Version,,string,workItem,True,True,False,True,4e151566-a916-44fb-b425-aa8fa80a672e,True,False,False,19,https://dev.azure.com/1id/_apis/wit/fields/Custom.FixVersion
Custom.FixedVersion,Fixed Version,Semantic version of various Microservices are bundled under a Fixed version e.g. 2025.2 (2nd release of 2025),string,workItem,True,True,False,False,,False,False,False,19,https://dev.azure.com/1id/_apis/wit/fields/Custom.FixedVersion
Custom.FixedIn,FixedIn,,string,workItem,True,True,False,False,,False,False,False,19,https://dev.azure.com/1id/_apis/wit/fields/Custom.FixedIn
Microsoft.VSTS.Build.FoundIn,Found In,The build in which the bug was found,string,workItem,True,True,False,False,,False,False,False,19,https://dev.azure.com/1id/_apis/wit/fields/Microsoft.VSTS.Build.FoundIn
Microsoft.VSTS.CMMI.FoundInEnvironment,Found In Environment,,string,workItem,True,True,False,False,,False,False,False,19,https://dev.azure.com/1id/_apis/wit/fields/Microsoft.VSTS.CMMI.FoundInEnvironment
Custom.GlobalDevF,Global DevF,,boolean,workItem,True,True,False,False,,False,False,False,5,https://dev.azure.com/1id/_apis/wit/fields/Custom.GlobalDevF
Custom.HasReleaseTag,HasReleaseTag,,boolean,workItem,True,True,False,False,,False,False,False,5,https://dev.azure.com/1id/_apis/wit/fields/Custom.HasReleaseTag
System.History,History,Discussion thread plus automatic record of changes,history,workItem,True,False,False,False,,False,False,False,2,https://dev.azure.com/1id/_apis/wit/fields/System.History
Custom.Hotfixlinie,Hotfixlinie,,string,workItem,True,True,False,True,fcdfc920-abcf-4fa4-96c9-32a13f7d33dd,False,False,False,19,https://dev.azure.com/1id/_apis/wit/fields/Custom.Hotfixlinie
Microsoft.VSTS.CMMI.HowFound,How Found,,string,workItem,True,True,False,False,,False,False,False,19,https://dev.azure.com/1id/_apis/wit/fields/Microsoft.VSTS.CMMI.HowFound
System.HyperLinkCount,Hyperlink Count,,integer,workItem,True,True,False,False,,False,True,False,14,https://dev.azure.com/1id/_apis/wit/fields/System.HyperLinkCount
System.Id,ID,,integer,workItem,True,True,False,False,,False,True,False,14,https://dev.azure.com/1id/_apis/wit/fields/System.Id
Custom.IdentityManager,Identity Manager,,boolean,workItem,True,True,False,False,,False,False,False,5,https://dev.azure.com/1id/_apis/wit/fields/Custom.IdentityManager
Custom.Impact,Impact,,string,workItem,True,True,False,True,6d4c564d-4183-499c-8364-bccbdfb926d6,False,False,False,19,https://dev.azure.com/1id/_apis/wit/fields/Custom.Impact
Microsoft.VSTS.CMMI.ImpactAssessmentHtml,Impact Assessment HTML,,html,workItem,True,False,False,False,,False,False,False,2,https://dev.azure.com/1id/_apis/wit/fields/Microsoft.VSTS.CMMI.ImpactAssessmentHtml
Microsoft.VSTS.CMMI.ImpactOnArchitecture,Impact on Architecture,,html,workItem,True,False,False,False,,False,False,False,2,https://dev.azure.com/1id/_apis/wit/fields/Microsoft.VSTS.CMMI.ImpactOnArchitecture
Microsoft.VSTS.CMMI.ImpactOnDevelopment,Impact on Development,,html,workItem,True,False,False,False,,False,False,False,2,https://dev.azure.com/1id/_apis/wit/fields/Microsoft.VSTS.CMMI.ImpactOnDevelopment
Microsoft.VSTS.CMMI.ImpactOnTechnicalPublications,Impact on Technical Publications,,html,workItem,True,False,False,False,,False,False,False,2,https://dev.azure.com/1id/_apis/wit/fields/Microsoft.VSTS.CMMI.ImpactOnTechnicalPublications
Microsoft.VSTS.CMMI.ImpactOnTest,Impact on Test,,html,workItem,True,False,False,False,,False,False,False,2,https://dev.azure.com/1id/_apis/wit/fields/Microsoft.VSTS.CMMI.ImpactOnTest
Microsoft.VSTS.CMMI.ImpactOnUserExperience,Impact on User Experience,,html,workItem,True,False,False,False,,False,False,False,2,https://dev.azure.com/1id/_apis/wit/fields/Microsoft.VSTS.CMMI.ImpactOnUserExperience
System.InAdminOnlyTreeFlag,InAdminOnlyTreeFlag,,integer,workItem,False,False,False,False,,False,False,False,15,https://dev.azure.com/1id/_apis/wit/fields/System.InAdminOnlyTreeFlag
System.InDeletedTreeFlag,InDeletedTreeFlag,,integer,workItem,False,False,False,False,,False,False,False,15,https://dev.azure.com/1id/_apis/wit/fields/System.InDeletedTreeFlag
Microsoft.VSTS.Build.IntegrationBuild,Integration Build,The build in which the bug was fixed,string,workItem,True,True,False,False,,False,False,False,19,https://dev.azure.com/1id/_apis/wit/fields/Microsoft.VSTS.Build.IntegrationBuild
Custom.InternalTagSetProperly,InternalTagSetProperly,,string,workItem,True,True,False,False,,False,False,False,19,https://dev.azure.com/1id/_apis/wit/fields/Custom.InternalTagSetProperly
Custom.Investment,Investment,,string,workItem,True,True,False,False,,False,False,False,19,https://dev.azure.com/1id/_apis/wit/fields/Custom.Investment
System.IsDeleted,Is Deleted,,boolean,workItem,False,False,False,False,,False,False,False,5,https://dev.azure.com/1id/_apis/wit/fields/System.IsDeleted
Custom.IsArchived,IsArchived,"Toggle for old work items, particularly for Jira to ADO migration",boolean,workItem,True,True,False,False,,False,False,False,5,https://dev.azure.com/1id/_apis/wit/fields/Custom.IsArchived
Custom.IsBlocked,IsBlocked,Use this to identify that the work is blocked,boolean,workItem,True,True,False,False,,False,False,False,5,https://dev.azure.com/1id/_apis/wit/fields/Custom.IsBlocked
Custom.IsCommitted,IsCommitted,Has this item been committed to an FY quarter?,boolean,workItem,True,True,False,False,,False,False,False,5,https://dev.azure.com/1id/_apis/wit/fields/Custom.IsCommitted
Microsoft.VSTS.Common.Issue,Issue,"Used to highlight the shared step, e.g., to mark it as an issue",string,workItem,True,True,False,False,,False,False,False,19,https://dev.azure.com/1id/_apis/wit/fields/Microsoft.VSTS.Common.Issue
System.IterationId,Iteration ID,,integer,workItem,True,True,False,False,,False,False,False,15,https://dev.azure.com/1id/_apis/wit/fields/System.IterationId
System.IterationLevel1,Iteration Level 1,,string,workItem,True,True,False,False,,False,False,False,18,https://dev.azure.com/1id/_apis/wit/fields/System.IterationLevel1
System.IterationLevel2,Iteration Level 2,,string,workItem,True,True,False,False,,False,False,False,18,https://dev.azure.com/1id/_apis/wit/fields/System.IterationLevel2
System.IterationLevel3,Iteration Level 3,,string,workItem,True,True,False,False,,False,False,False,18,https://dev.azure.com/1id/_apis/wit/fields/System.IterationLevel3
System.IterationLevel4,Iteration Level 4,,string,workItem,True,True,False,False,,False,False,False,18,https://dev.azure.com/1id/_apis/wit/fields/System.IterationLevel4
System.IterationLevel5,Iteration Level 5,,string,workItem,True,True,False,False,,False,False,False,18,https://dev.azure.com/1id/_apis/wit/fields/System.IterationLevel5
System.IterationLevel6,Iteration Level 6,,string,workItem,True,True,False,False,,False,False,False,18,https://dev.azure.com/1id/_apis/wit/fields/System.IterationLevel6
System.IterationLevel7,Iteration Level 7,,string,workItem,True,True,False,False,,False,False,False,18,https://dev.azure.com/1id/_apis/wit/fields/System.IterationLevel7
System.IterationPath,Iteration Path,The iteration within which this bug will be fixed,treePath,workItem,True,True,False,False,,False,False,False,6,https://dev.azure.com/1id/_apis/wit/fields/System.IterationPath
Microsoft.VSTS.CMMI.Justification,Justification,,html,workItem,True,False,False,False,,False,False,False,2,https://dev.azure.com/1id/_apis/wit/fields/Microsoft.VSTS.CMMI.Justification
Custom.KnownIssueCategory,KnownIssueCategory,,string,workItem,True,True,False,True,41208d36-9572-4a82-be37-877c8c513970,False,False,False,19,https://dev.azure.com/1id/_apis/wit/fields/Custom.KnownIssueCategory
Custom.KnownIssueRootCause,KnownIssueRootCause,,string,workItem,True,True,False,True,e776b474-b446-4afd-a805-a36ef775b9cc,False,False,False,19,https://dev.azure.com/1id/_apis/wit/fields/Custom.KnownIssueRootCause
System.Links.LinkType,Link Type,,integer,workItemLink,True,True,False,False,,False,True,False,14,https://dev.azure.com/1id/_apis/wit/fields/System.Links.LinkType
Custom.LinkCount,LinkCount,,integer,workItem,True,True,False,False,,False,False,False,15,https://dev.azure.com/1id/_apis/wit/fields/Custom.LinkCount
System.LinkedFiles,Linked Files,,string,workItem,False,False,False,False,,False,False,False,19,https://dev.azure.com/1id/_apis/wit/fields/System.LinkedFiles
Custom.LinkedSR,LinkedSR,,integer,workItem,True,True,False,True,9c26117a-e0ea-4473-819b-2e17763896b9,False,False,False,15,https://dev.azure.com/1id/_apis/wit/fields/Custom.LinkedSR
Microsoft.VSTS.TCM.LocalDataSource,Local Data Source,,html,workItem,True,False,False,False,,False,False,False,2,https://dev.azure.com/1id/_apis/wit/fields/Microsoft.VSTS.TCM.LocalDataSource
Custom.4e98c6e8-0dea-4aec-8b31-85881ed3cd88,LoKI Description,,html,workItem,True,False,False,False,,False,False,False,2,https://dev.azure.com/1id/_apis/wit/fields/Custom.4e98c6e8-0dea-4aec-8b31-85881ed3cd88
Custom.ad17bab8-dd4e-45a8-a4ea-5bd98964a84c,LoKI Draft,,html,workItem,True,False,False,False,,False,False,False,2,https://dev.azure.com/1id/_apis/wit/fields/Custom.ad17bab8-dd4e-45a8-a4ea-5bd98964a84c
Custom.90f9aabc-f6f8-48fa-9062-0b572f45881c,LoKI Reason,Publication LoKI Reason,string,workItem,True,True,False,True,4aec7ef2-799c-4186-9177-9c2de0a3786f,False,False,False,19,https://dev.azure.com/1id/_apis/wit/fields/Custom.90f9aabc-f6f8-48fa-9062-0b572f45881c
Custom.1ea02d30-6e7d-49fa-a749-a2d58b2a11fa,LoKI State,,string,workItem,True,True,False,True,f64d105e-517d-4e46-ad3b-62c1f016e451,False,False,False,19,https://dev.azure.com/1id/_apis/wit/fields/Custom.1ea02d30-6e7d-49fa-a749-a2d58b2a11fa
Custom.LoKIWorkaround,LoKI Workaround,,html,workItem,True,False,False,False,,False,False,False,2,https://dev.azure.com/1id/_apis/wit/fields/Custom.LoKIWorkaround
Custom.158ef636-675e-48ba-848c-70e8b0d9ebe4,LoKI Workaround Draft,,html,workItem,True,False,False,False,,False,False,False,2,https://dev.azure.com/1id/_apis/wit/fields/Custom.158ef636-675e-48ba-848c-70e8b0d9ebe4
Custom.LoKIDescription,LoKIDescription,,html,workItem,True,False,False,False,,False,False,False,2,https://dev.azure.com/1id/_apis/wit/fields/Custom.LoKIDescription
Custom.LoKIDraft,LoKIDraft,,html,workItem,True,False,False,False,,False,False,False,2,https://dev.azure.com/1id/_apis/wit/fields/Custom.LoKIDraft
Custom.LoKIReason,LoKIReason,,string,workItem,True,True,False,False,,False,False,False,19,https://dev.azure.com/1id/_apis/wit/fields/Custom.LoKIReason
Custom.LoKIState,LoKIState,,string,workItem,True,True,False,False,,False,False,False,19,https://dev.azure.com/1id/_apis/wit/fields/Custom.LoKIState
Custom.LoKIWorkaroundDescription,LoKIWorkaroundDescription,,html,workItem,True,False,False,False,,False,False,False,2,https://dev.azure.com/1id/_apis/wit/fields/Custom.LoKIWorkaroundDescription
Custom.LoKIWorkaroundDraft,LoKIWorkaroundDraft,,html,workItem,True,False,False,False,,False,False,False,2,https://dev.azure.com/1id/_apis/wit/fields/Custom.LoKIWorkaroundDraft
Custom.e1103252-24bd-40d4-a554-f6e6cc087858,LoU Description,Click here to add description as you want it to appear in List of Updates,html,workItem,True,False,False,False,,False,False,False,2,https://dev.azure.com/1id/_apis/wit/fields/Custom.e1103252-24bd-40d4-a554-f6e6cc087858
Custom.5291377b-8c5a-444e-bba7-55c80c85f945,LoU Draft,Click to add draft as you want it appear in List of Updates,html,workItem,True,False,False,False,,False,False,False,2,https://dev.azure.com/1id/_apis/wit/fields/Custom.5291377b-8c5a-444e-bba7-55c80c85f945
Custom.e17304fd-7909-418b-9a0e-424e054c3814,LoU Reason,Publication List Of Updates Reason,string,workItem,True,True,False,True,a0c02aad-7ddd-45a4-89d8-9d4a1256c25d,False,False,False,19,https://dev.azure.com/1id/_apis/wit/fields/Custom.e17304fd-7909-418b-9a0e-424e054c3814
Custom.79b2c28d-3fa8-4d15-8459-fff9c2ffe357,LoU State,Publication List Of Updates State,string,workItem,True,True,False,True,0539dbc7-f617-49cc-a81a-d0f1f6e46e8e,False,False,False,19,https://dev.azure.com/1id/_apis/wit/fields/Custom.79b2c28d-3fa8-4d15-8459-fff9c2ffe357
Custom.LoUDescription,LoUDescription,,html,workItem,True,False,False,False,,False,False,False,2,https://dev.azure.com/1id/_apis/wit/fields/Custom.LoUDescription
Custom.LoUDraft,LoUDraft,,html,workItem,True,False,False,False,,False,False,False,2,https://dev.azure.com/1id/_apis/wit/fields/Custom.LoUDraft
Custom.LoUReason,LoUReason,,string,workItem,True,True,False,False,,False,False,False,19,https://dev.azure.com/1id/_apis/wit/fields/Custom.LoUReason
Custom.LoUState,LoUState,,string,workItem,True,True,False,False,,False,False,False,19,https://dev.azure.com/1id/_apis/wit/fields/Custom.LoUState
Custom.MainWorkItemId,MainWorkItemId,ID of the main work item,integer,workItem,True,True,False,False,,False,False,False,15,https://dev.azure.com/1id/_apis/wit/fields/Custom.MainWorkItemId
Microsoft.VSTS.CMMI.MeetingType,Meeting Type,The type of the review meeting,string,workItem,True,True,False,False,,False,False,False,19,https://dev.azure.com/1id/_apis/wit/fields/Microsoft.VSTS.CMMI.MeetingType
Microsoft.VSTS.CMMI.Minutes,Minutes,The minutes of the review meeting,html,workItem,True,False,False,False,,False,False,False,2,https://dev.azure.com/1id/_apis/wit/fields/Microsoft.VSTS.CMMI.Minutes
Microsoft.VSTS.CMMI.MitigationPlan,Mitigation Plan,,html,workItem,True,False,False,False,,False,False,False,2,https://dev.azure.com/1id/_apis/wit/fields/Microsoft.VSTS.CMMI.MitigationPlan
Microsoft.VSTS.CMMI.MitigationTriggers,Mitigation Triggers,The mitigation triggers,html,workItem,True,False,False,False,,False,False,False,2,https://dev.azure.com/1id/_apis/wit/fields/Microsoft.VSTS.CMMI.MitigationTriggers
Custom.MOP,MOP,"A MOP is Different from a Runbook, Procedure, or Best Practices, a MOP is a granular and detailed schedule. The MOP, or Method of Procedure is specific to the individuals taking action, the changes being released, and the timing of the changes.",html,workItem,True,False,False,False,,False,False,False,2,https://dev.azure.com/1id/_apis/wit/fields/Custom.MOP
Custom.My_Category,My_Category,,string,workItem,True,True,False,True,31c7135a-59b4-4ad7-bbb0-485833d08129,False,False,False,19,https://dev.azure.com/1id/_apis/wit/fields/Custom.My_Category
Custom.My_QAS_Team,My_QAS_Team,,string,workItem,True,True,False,True,7d39b705-c964-4648-a1b1-fb17d53d57d2,False,False,False,19,https://dev.azure.com/1id/_apis/wit/fields/Custom.My_QAS_Team
Custom.My_QPM_Team,My_QPM_Team,,string,workItem,True,True,False,True,3060d1f9-aaa0-4043-a818-9457a30499f2,True,False,False,19,https://dev.azure.com/1id/_apis/wit/fields/Custom.My_QPM_Team
Custom.My_Safeguard_Team,My_Safeguard_Team,,string,workItem,True,True,False,True,fdea471f-d293-46ae-8c5c-db77763e3d47,False,False,False,19,https://dev.azure.com/1id/_apis/wit/fields/Custom.My_Safeguard_Team
Custom.MyAutomationStatus,MyAutomationStatus,,string,workItem,True,True,False,True,0fc7c62f-c7e4-447f-a7b8-9f4ecd2b36bf,False,False,False,19,https://dev.azure.com/1id/_apis/wit/fields/Custom.MyAutomationStatus
Custom.MyBugBranch,MyBugBranch,,string,workItem,True,True,False,True,fe8f9df3-0b43-49a4-8475-d7579305b503,False,False,False,19,https://dev.azure.com/1id/_apis/wit/fields/Custom.MyBugBranch
Custom.MyBugOrigin,MyBugOrigin,Enter Bug Origin,string,workItem,True,True,False,True,5d5dca36-b8d0-47c5-aa99-8e0b0ed3b673,False,False,False,19,https://dev.azure.com/1id/_apis/wit/fields/Custom.MyBugOrigin
Custom.MyBugPlatform,MyBugPlatform,,string,workItem,True,True,False,True,a1c6e1e4-9f0c-451e-889a-491d9a956383,False,False,False,19,https://dev.azure.com/1id/_apis/wit/fields/Custom.MyBugPlatform
Custom.MyComponents,MyComponents,,string,workItem,True,True,False,True,92f48671-2d59-4f8f-8d75-f435cc9e5f43,True,False,False,19,https://dev.azure.com/1id/_apis/wit/fields/Custom.MyComponents
Custom.MyFeature,MyFeature,,string,workItem,True,True,False,True,1a3ce2c7-2571-452d-8e7d-c752ef94db97,False,False,False,19,https://dev.azure.com/1id/_apis/wit/fields/Custom.MyFeature
Custom.MyFoundIn,MyFoundIn,,string,workItem,True,True,False,True,4671ee36-3a8f-46a7-b3e2-d546b854edbb,True,False,False,19,https://dev.azure.com/1id/_apis/wit/fields/Custom.MyFoundIn
Custom.MyLastChangedBy,MyLastChangedBy,,string,workItem,True,True,False,False,,False,False,False,19,https://dev.azure.com/1id/_apis/wit/fields/Custom.MyLastChangedBy
Custom.MyLastChangedByIdentity,MyLastChangedByIdentity,,string,workItem,True,True,True,False,,False,False,False,19,https://dev.azure.com/1id/_apis/wit/fields/Custom.MyLastChangedByIdentity
Custom.MyPullRequests,MyPullRequests,,html,workItem,True,False,False,False,,False,False,False,2,https://dev.azure.com/1id/_apis/wit/fields/Custom.MyPullRequests
Custom.MyQAContact,MyQAContact,,string,workItem,True,True,True,False,,False,False,False,19,https://dev.azure.com/1id/_apis/wit/fields/Custom.MyQAContact
Custom.MyRelease,MyRelease,,string,workItem,True,True,False,True,354a6614-2ca9-4233-84d5-64b48729b60c,False,False,False,19,https://dev.azure.com/1id/_apis/wit/fields/Custom.MyRelease
Custom.MyReleasedIn,MyReleasedIn,,string,workItem,True,True,False,True,969a961e-542a-4bbb-a1ed-95c8562a263f,False,False,False,19,https://dev.azure.com/1id/_apis/wit/fields/Custom.MyReleasedIn
Custom.MyStateReason,MyStateReason,,string,workItem,True,True,False,True,727d673c-84b1-4f9c-8a31-732e474b03bb,False,False,False,19,https://dev.azure.com/1id/_apis/wit/fields/Custom.MyStateReason
Custom.MySubFeature,MySubFeature,Sub Feature based on selected Feature,string,workItem,True,True,False,True,d1e316e8-4556-418d-85a5-f40dc73a3cbb,False,False,False,19,https://dev.azure.com/1id/_apis/wit/fields/Custom.MySubFeature
Custom.MyTeam,MyTeam,,string,workItem,True,True,False,True,e500789c-5924-4aac-9987-871cb586ef2c,False,False,False,19,https://dev.azure.com/1id/_apis/wit/fields/Custom.MyTeam
Custom.MyTechArea,MyTechArea,HSM Encryption,string,workItem,True,True,False,True,814e0ca0-0d57-43a1-b010-0d650aa5b5c1,False,False,False,19,https://dev.azure.com/1id/_apis/wit/fields/Custom.MyTechArea
Custom.MyTestCaseFeature,MyTestCaseFeature,,string,workItem,True,True,False,False,,False,False,False,19,https://dev.azure.com/1id/_apis/wit/fields/Custom.MyTestCaseFeature
Custom.NeedsDocs,Needs Docs,,boolean,workItem,True,True,False,False,,False,False,False,5,https://dev.azure.com/1id/_apis/wit/fields/Custom.NeedsDocs
Custom.NeedsLegal,Needs Legal,,boolean,workItem,True,True,False,False,,False,False,False,5,https://dev.azure.com/1id/_apis/wit/fields/Custom.NeedsLegal
Custom.NeedsUX,Needs UX,,boolean,workItem,True,True,False,False,,False,False,False,5,https://dev.azure.com/1id/_apis/wit/fields/Custom.NeedsUX
Custom.NewBugOrigin,NewBugOrigin,,integer,workItem,True,True,False,True,9e3e2de3-0880-4472-8128-f058ae76c9ef,False,False,False,15,https://dev.azure.com/1id/_apis/wit/fields/Custom.NewBugOrigin
Custom.NewResult,NewResult,,string,workItem,True,True,False,False,,False,False,False,19,https://dev.azure.com/1id/_apis/wit/fields/Custom.NewResult
System.NodeName,Node Name,,string,workItem,True,True,False,False,,False,True,False,18,https://dev.azure.com/1id/_apis/wit/fields/System.NodeName
System.NodeType,Node Type,,string,workItem,False,False,False,False,,False,True,False,18,https://dev.azure.com/1id/_apis/wit/fields/System.NodeType
Custom.OIDInitiative,OID Initiative,,string,workItem,True,True,False,True,67761ba5-403f-4904-8113-80f97e09caf4,False,False,False,19,https://dev.azure.com/1id/_apis/wit/fields/Custom.OIDInitiative
Custom.OneLogin,OneLogin,,boolean,workItem,True,True,False,False,,False,False,False,5,https://dev.azure.com/1id/_apis/wit/fields/Custom.OneLogin
Microsoft.VSTS.CMMI.OptionalAttendee1,Optional Attendee 1,,string,workItem,True,True,True,False,,False,False,False,19,https://dev.azure.com/1id/_apis/wit/fields/Microsoft.VSTS.CMMI.OptionalAttendee1
Microsoft.VSTS.CMMI.OptionalAttendee2,Optional Attendee 2,,string,workItem,True,True,True,False,,False,False,False,19,https://dev.azure.com/1id/_apis/wit/fields/Microsoft.VSTS.CMMI.OptionalAttendee2
Microsoft.VSTS.CMMI.OptionalAttendee3,Optional Attendee 3,,string,workItem,True,True,True,False,,False,False,False,19,https://dev.azure.com/1id/_apis/wit/fields/Microsoft.VSTS.CMMI.OptionalAttendee3
Microsoft.VSTS.CMMI.OptionalAttendee4,Optional Attendee 4,,string,workItem,True,True,True,False,,False,False,False,19,https://dev.azure.com/1id/_apis/wit/fields/Microsoft.VSTS.CMMI.OptionalAttendee4
Microsoft.VSTS.CMMI.OptionalAttendee5,Optional Attendee 5,,string,workItem,True,True,True,False,,False,False,False,19,https://dev.azure.com/1id/_apis/wit/fields/Microsoft.VSTS.CMMI.OptionalAttendee5
Microsoft.VSTS.CMMI.OptionalAttendee6,Optional Attendee 6,,string,workItem,True,True,True,False,,False,False,False,19,https://dev.azure.com/1id/_apis/wit/fields/Microsoft.VSTS.CMMI.OptionalAttendee6
Microsoft.VSTS.CMMI.OptionalAttendee7,Optional Attendee 7,,string,workItem,True,True,True,False,,False,False,False,19,https://dev.azure.com/1id/_apis/wit/fields/Microsoft.VSTS.CMMI.OptionalAttendee7
Microsoft.VSTS.CMMI.OptionalAttendee8,Optional Attendee 8,,string,workItem,True,True,True,False,,False,False,False,19,https://dev.azure.com/1id/_apis/wit/fields/Microsoft.VSTS.CMMI.OptionalAttendee8
Custom.OriginalCYQuarter,Original CY Quarter,,string,workItem,True,True,False,True,235da5ac-7b15-48ef-8d42-c475a591ac88,False,False,False,19,https://dev.azure.com/1id/_apis/wit/fields/Custom.OriginalCYQuarter
Microsoft.VSTS.Scheduling.OriginalEstimate,Original Estimate,"Initial value for Remaining Work - set once, when work begins",double,workItem,True,True,False,False,,False,False,False,15,https://dev.azure.com/1id/_apis/wit/fields/Microsoft.VSTS.Scheduling.OriginalEstimate
Custom.OriginalQuarter,Original Quarter,Original fiscal year (FY) quarter the commitment was made against,string,workItem,True,True,False,True,cb6f92f4-ee1d-4ae8-9bd8-bc14c1fd366b,False,False,False,19,https://dev.azure.com/1id/_apis/wit/fields/Custom.OriginalQuarter
Custom.OriginalYear,Original Year,Original Fiscal Year (FY) the commit was set for,integer,workItem,True,True,False,True,b45edb00-7694-4960-9c36-050d328c2744,False,False,False,15,https://dev.azure.com/1id/_apis/wit/fields/Custom.OriginalYear
Custom.PAM_Appliance_TechArea,PAM_Appliance_TechArea,HSM,string,workItem,True,True,False,True,6272070c-8992-479e-866c-60ffb18e6760,True,False,False,19,https://dev.azure.com/1id/_apis/wit/fields/Custom.PAM_Appliance_TechArea
Custom.PAM_DO_Release,PAM_DO_Release,,string,workItem,True,True,False,True,914e55b5-3ab7-46d7-bd98-2918692ec774,False,False,False,19,https://dev.azure.com/1id/_apis/wit/fields/Custom.PAM_DO_Release
Custom.PAM_ExternalIntegration_TechArea,PAM_ExternalIntegration_TechArea,,string,workItem,True,True,False,True,8f78063e-7d4c-4fab-80c7-1e172234f3ec,True,False,False,19,https://dev.azure.com/1id/_apis/wit/fields/Custom.PAM_ExternalIntegration_TechArea
Custom.PAM_Feature_Owner,PAM_Feature_Owner,,string,workItem,True,True,False,True,f3ef79aa-fb61-461e-8d51-5023b9d7602b,False,False,False,19,https://dev.azure.com/1id/_apis/wit/fields/Custom.PAM_Feature_Owner
Custom.PAM_Feature_Owner_PBI,PAM_Feature_Owner_PBI,,string,workItem,True,True,False,True,5df45b72-2c6e-4a83-8d5b-e93957a15678,False,False,False,19,https://dev.azure.com/1id/_apis/wit/fields/Custom.PAM_Feature_Owner_PBI
Custom.PAM_Feature_Team,PAM_Feature_Team,Development teamoOwning this feature,string,workItem,True,True,False,True,d08f22bc-3d27-450d-922c-8a12ccf6dd72,False,False,False,19,https://dev.azure.com/1id/_apis/wit/fields/Custom.PAM_Feature_Team
Custom.PAM_MCU_TechArea,PAM_MCU_TechArea,,string,workItem,True,True,False,True,4a0de340-6e40-436b-bd3e-4d2d8f02662e,False,False,False,19,https://dev.azure.com/1id/_apis/wit/fields/Custom.PAM_MCU_TechArea
Custom.PAM_QAS_BugOrigin,PAM_QAS_BugOrigin,,string,workItem,True,True,False,True,c1f580d4-84a0-4f0b-92e8-b47255836f38,False,False,False,19,https://dev.azure.com/1id/_apis/wit/fields/Custom.PAM_QAS_BugOrigin
Custom.PAM_QAS_Components,PAM_QAS_Components,,string,workItem,True,True,False,True,67927d40-c013-4a00-9d5f-0acdd504c452,True,False,False,19,https://dev.azure.com/1id/_apis/wit/fields/Custom.PAM_QAS_Components
Custom.PAM_QAS_FoundIn,PAM_QAS_FoundIn,,string,workItem,True,True,False,True,139ac501-ec8c-4a06-af75-e5bcfba2b182,True,False,False,19,https://dev.azure.com/1id/_apis/wit/fields/Custom.PAM_QAS_FoundIn
Custom.PAM_QAS_Release,PAM_QAS_Release,,string,workItem,True,True,False,True,96903259-dd3c-4dbf-8374-a6b58d3f13aa,False,False,False,19,https://dev.azure.com/1id/_apis/wit/fields/Custom.PAM_QAS_Release
Custom.PAM_QAS_TechArea,PAM_QAS_TechArea,,string,workItem,True,True,False,True,ff441ab5-0152-4f20-88b2-712165547443,False,False,False,19,https://dev.azure.com/1id/_apis/wit/fields/Custom.PAM_QAS_TechArea
Custom.PAM_QPM_BugOrigin,PAM_QPM_BugOrigin,,string,workItem,True,True,False,True,8c2cc43b-1c10-454c-954d-4d48575ff72a,False,False,False,19,https://dev.azure.com/1id/_apis/wit/fields/Custom.PAM_QPM_BugOrigin
Custom.PAM_QPM_Components,PAM_QPM_Components,,string,workItem,True,True,False,True,ac9e5beb-c85b-4377-a1f3-994be0c223e0,True,False,False,19,https://dev.azure.com/1id/_apis/wit/fields/Custom.PAM_QPM_Components
Custom.PAM_QPM_FoundIn,PAM_QPM_FoundIn,,string,workItem,True,True,False,True,c0fda18c-a651-4698-8095-450c3392b5c7,True,False,False,19,https://dev.azure.com/1id/_apis/wit/fields/Custom.PAM_QPM_FoundIn
Custom.PAM_QPM_Release,PAM_QPM_Release,,string,workItem,True,True,False,True,97abff3f-f677-4f02-8b68-ae0df32cf2ac,False,False,False,19,https://dev.azure.com/1id/_apis/wit/fields/Custom.PAM_QPM_Release
Custom.PAM_QPM_TechArea,PAM_QPM_TechArea,,string,workItem,True,True,False,True,79fd8b46-cc7b-4042-afae-4380d429c9ed,False,False,False,19,https://dev.azure.com/1id/_apis/wit/fields/Custom.PAM_QPM_TechArea
Custom.PAM_SG_Release,PAM_SG_Release,,string,workItem,True,True,False,True,9b030826-2ac1-4735-b1b9-1c61a3564ffc,False,False,False,19,https://dev.azure.com/1id/_apis/wit/fields/Custom.PAM_SG_Release
Custom.PAM_TestCase_TechArea,PAM_TestCase_TechArea,,string,workItem,True,True,False,True,633febd4-9a3c-47ac-8ada-ee4999ff5ba0,True,False,False,19,https://dev.azure.com/1id/_apis/wit/fields/Custom.PAM_TestCase_TechArea
Custom.PAM_UI_TechArea,PAM_UI_TechArea,,string,workItem,True,True,False,True,586806e8-9788-48f2-b7a9-428de7a4c950,True,False,False,19,https://dev.azure.com/1id/_apis/wit/fields/Custom.PAM_UI_TechArea
Custom.PAMStartIteration,PAMStartIteration,,string,workItem,True,True,False,False,,False,False,False,19,https://dev.azure.com/1id/_apis/wit/fields/Custom.PAMStartIteration
Custom.PAMTeam,PAMTeam,,string,workItem,True,True,False,False,,False,False,False,19,https://dev.azure.com/1id/_apis/wit/fields/Custom.PAMTeam
Microsoft.VSTS.TCM.Parameters,Parameters,,html,workItem,True,False,False,False,,False,False,False,2,https://dev.azure.com/1id/_apis/wit/fields/Microsoft.VSTS.TCM.Parameters
System.Parent,Parent,,integer,workItem,True,False,False,False,,False,True,False,14,https://dev.azure.com/1id/_apis/wit/fields/System.Parent
System.PersonId,PersonID,,integer,workItem,False,False,False,False,,False,False,False,15,https://dev.azure.com/1id/_apis/wit/fields/System.PersonId
Custom.Picklist,Pick list,,string,workItem,True,True,False,True,da7ed292-3faa-4c15-ac65-c18fa633583d,False,False,False,19,https://dev.azure.com/1id/_apis/wit/fields/Custom.Picklist
Custom.PM4WRelease,PM4W Release,,string,workItem,True,True,False,True,9574c8b4-70cc-4fd9-aeea-bd6e7714ddd5,False,False,False,19,https://dev.azure.com/1id/_apis/wit/fields/Custom.PM4WRelease
Microsoft.VSTS.Common.Priority,Priority,Business importance. 1=must fix; 4=unimportant.,integer,workItem,True,True,False,False,,False,False,False,15,https://dev.azure.com/1id/_apis/wit/fields/Microsoft.VSTS.Common.Priority
Microsoft.VSTS.CMMI.Probability,Probability,A percentage indicating the estimated likelihood that the risk will occur,integer,workItem,True,True,False,False,,False,False,False,15,https://dev.azure.com/1id/_apis/wit/fields/Microsoft.VSTS.CMMI.Probability
Custom.Product,Product,,string,workItem,True,True,False,True,2ba82b79-36e1-4762-85fe-dff799db38d6,False,False,False,19,https://dev.azure.com/1id/_apis/wit/fields/Custom.Product
Custom.Products,Products,,string,workItem,True,True,False,True,edb8f66f-e386-4356-88c6-b9ccdc4bff53,False,False,False,19,https://dev.azure.com/1id/_apis/wit/fields/Custom.Products
Custom.Progress,Progress,Progress for Aha integrations.,double,workItem,True,True,False,False,,False,False,False,15,https://dev.azure.com/1id/_apis/wit/fields/Custom.Progress
System.ProjectId,ProjectID,,integer,workItem,False,False,False,False,,False,True,False,14,https://dev.azure.com/1id/_apis/wit/fields/System.ProjectId
Microsoft.VSTS.CMMI.ProposedFix,Proposed Fix,,html,workItem,True,False,False,False,,False,False,False,2,https://dev.azure.com/1id/_apis/wit/fields/Microsoft.VSTS.CMMI.ProposedFix
Custom.Public,Public,,boolean,workItem,True,True,False,False,,False,False,False,5,https://dev.azure.com/1id/_apis/wit/fields/Custom.Public
Custom.PublicDescription,Public Description,"Public description text written by the developers, reviewed and processed by the technical communications team.",html,workItem,True,False,False,False,,False,False,False,2,https://dev.azure.com/1id/_apis/wit/fields/Custom.PublicDescription
Custom.PublicState,Public State,No: won't be published.Yes: will be published.Documented: handled by the TechWriter team.,string,workItem,True,True,False,True,807e0026-a3f3-4108-ae07-4cd2c0b29dc8,False,False,False,19,https://dev.azure.com/1id/_apis/wit/fields/Custom.PublicState
Custom.PullRequestHistory,PullRequestHistory,,string,workItem,True,True,False,False,,False,False,False,19,https://dev.azure.com/1id/_apis/wit/fields/Custom.PullRequestHistory
Custom.PullRequests,PullRequests,,html,workItem,True,False,False,False,,False,False,False,2,https://dev.azure.com/1id/_apis/wit/fields/Custom.PullRequests
Microsoft.VSTS.CMMI.Purpose,Purpose,The purpose of the review,html,workItem,True,False,False,False,,False,False,False,2,https://dev.azure.com/1id/_apis/wit/fields/Microsoft.VSTS.CMMI.Purpose
Custom.QAPerson,QA Person,,string,workItem,True,True,False,False,,False,False,False,19,https://dev.azure.com/1id/_apis/wit/fields/Custom.QAPerson
Custom.QATestResults,QA Test Results,Summary of the testing performed which certify that the changes being made are stable and ready for release.,html,workItem,True,False,False,False,,False,False,False,2,https://dev.azure.com/1id/_apis/wit/fields/Custom.QATestResults
Custom.QAContact,QAContact,,string,workItem,True,True,False,False,,False,False,False,19,https://dev.azure.com/1id/_apis/wit/fields/Custom.QAContact
Custom.QAS_Feature_Owner,QAS_Feature_Owner,,string,workItem,True,True,False,True,3e155c66-427a-4dfd-89e4-83422fa36fc7,False,False,False,19,https://dev.azure.com/1id/_apis/wit/fields/Custom.QAS_Feature_Owner
Custom.QPM_Feature_Owner,QPM_Feature_Owner,,string,workItem,True,True,False,True,31f4fd5d-d0ba-4ca1-b64f-2ccf846d91b1,False,False,False,19,https://dev.azure.com/1id/_apis/wit/fields/Custom.QPM_Feature_Owner
Microsoft.VSTS.TCM.QueryText,Query Text,,plainText,workItem,True,False,False,False,,False,False,False,2,https://dev.azure.com/1id/_apis/wit/fields/Microsoft.VSTS.TCM.QueryText
Microsoft.VSTS.Common.Rating,Rating,Overall rating provided as part of feedback response,string,workItem,True,True,False,False,,False,False,False,19,https://dev.azure.com/1id/_apis/wit/fields/Microsoft.VSTS.Common.Rating
System.Reason,Reason,The reason why the bug is in the current state,string,workItem,True,True,False,False,,False,False,False,19,https://dev.azure.com/1id/_apis/wit/fields/System.Reason
AgileforTFS.ReflectedWorkItemId,ReflectedWorkItemId,Field to be used with the VSTS Sync Migrator,string,workItem,True,True,False,False,,False,False,False,19,https://dev.azure.com/1id/_apis/wit/fields/AgileforTFS.ReflectedWorkItemId
Custom.RelSizeEstimate,Rel Size Estimate,,integer,workItem,True,True,False,True,91906cd7-dcfa-4496-97be-48af3eb0b1fc,False,False,False,15,https://dev.azure.com/1id/_apis/wit/fields/Custom.RelSizeEstimate
System.RelatedLinkCount,Related Link Count,,integer,workItem,True,True,False,False,,False,True,False,14,https://dev.azure.com/1id/_apis/wit/fields/System.RelatedLinkCount
System.RelatedLinks,Related Links,,string,workItem,False,False,False,False,,False,False,False,19,https://dev.azure.com/1id/_apis/wit/fields/System.RelatedLinks
Custom.RelativeSizeEstimate,Relative Size Estimate,,integer,workItem,True,True,False,False,,False,False,False,15,https://dev.azure.com/1id/_apis/wit/fields/Custom.RelativeSizeEstimate
AgileforVDS.Release,Release,,string,workItem,True,True,False,False,,False,False,False,19,https://dev.azure.com/1id/_apis/wit/fields/AgileforVDS.Release
Custom.ReleaseDate,Release Date,,dateTime,workItem,True,True,False,False,,False,False,False,14,https://dev.azure.com/1id/_apis/wit/fields/Custom.ReleaseDate
Custom.ReleaseNotesText,Release Notes Text,Description template for release notes,html,workItem,True,False,False,False,,False,False,False,2,https://dev.azure.com/1id/_apis/wit/fields/Custom.ReleaseNotesText
Custom.Release1,Release1,,string,workItem,True,True,False,True,6099e9e8-0550-4894-b812-b2f49db5160c,False,False,False,19,https://dev.azure.com/1id/_apis/wit/fields/Custom.Release1
Custom.ReleasedIn,Released In,,string,workItem,True,True,False,False,,False,False,False,19,https://dev.azure.com/1id/_apis/wit/fields/Custom.ReleasedIn
Custom.ReleaseNotesStatus,ReleaseNotesStatus,,string,workItem,True,True,False,True,dfc94579-edd9-4cbc-bdc6-668677338308,False,False,False,19,https://dev.azure.com/1id/_apis/wit/fields/Custom.ReleaseNotesStatus
Custom.ReleaseNotesTextDE,ReleaseNotesTextDE,,html,workItem,True,False,False,False,,False,False,False,2,https://dev.azure.com/1id/_apis/wit/fields/Custom.ReleaseNotesTextDE
Custom.ReleaseTagSet,ReleaseTagSet,,string,workItem,True,True,False,False,,False,False,False,19,https://dev.azure.com/1id/_apis/wit/fields/Custom.ReleaseTagSet
Microsoft.VSTS.Scheduling.RemainingWork,Remaining Work,An estimate of the number of units of work remaining to complete this bug,double,workItem,True,True,False,False,,False,False,False,15,https://dev.azure.com/1id/_apis/wit/fields/Microsoft.VSTS.Scheduling.RemainingWork
Custom.Remaining_Effort,Remaining_Effort,,double,workItem,True,True,False,False,,False,False,False,15,https://dev.azure.com/1id/_apis/wit/fields/Custom.Remaining_Effort
Custom.RemainingEffort,RemainingEffort,,double,workItem,True,True,False,False,,False,False,False,15,https://dev.azure.com/1id/_apis/wit/fields/Custom.RemainingEffort
Custom.RemainingWork,RemainingWork,,double,workItem,True,True,False,False,,False,False,False,15,https://dev.azure.com/1id/_apis/wit/fields/Custom.RemainingWork
System.RemoteLinkCount,Remote Link Count,,integer,workItem,True,True,False,False,,False,True,False,14,https://dev.azure.com/1id/_apis/wit/fields/System.RemoteLinkCount
Custom.ReportedBy,Reported By,,string,workItem,True,True,True,False,,False,False,False,19,https://dev.azure.com/1id/_apis/wit/fields/Custom.ReportedBy
Microsoft.VSTS.TCM.ReproSteps,Repro Steps,How to see the bug. End by contrasting expected with actual behavior.,html,workItem,True,False,False,False,,False,False,False,2,https://dev.azure.com/1id/_apis/wit/fields/Microsoft.VSTS.TCM.ReproSteps
Custom.RequestType,Request Type,Use this field to identify what type of request this is.,string,workItem,True,True,False,True,1d4a6299-a3b1-4b5d-8fc7-3fca0b1ca9f5,False,False,False,19,https://dev.azure.com/1id/_apis/wit/fields/Custom.RequestType
Microsoft.VSTS.CMMI.RequiredAttendee1,Required Attendee 1,,string,workItem,True,True,True,False,,False,False,False,19,https://dev.azure.com/1id/_apis/wit/fields/Microsoft.VSTS.CMMI.RequiredAttendee1
Microsoft.VSTS.CMMI.RequiredAttendee2,Required Attendee 2,,string,workItem,True,True,True,False,,False,False,False,19,https://dev.azure.com/1id/_apis/wit/fields/Microsoft.VSTS.CMMI.RequiredAttendee2
Microsoft.VSTS.CMMI.RequiredAttendee3,Required Attendee 3,,string,workItem,True,True,True,False,,False,False,False,19,https://dev.azure.com/1id/_apis/wit/fields/Microsoft.VSTS.CMMI.RequiredAttendee3
Microsoft.VSTS.CMMI.RequiredAttendee4,Required Attendee 4,,string,workItem,True,True,True,False,,False,False,False,19,https://dev.azure.com/1id/_apis/wit/fields/Microsoft.VSTS.CMMI.RequiredAttendee4
Microsoft.VSTS.CMMI.RequiredAttendee5,Required Attendee 5,,string,workItem,True,True,True,False,,False,False,False,19,https://dev.azure.com/1id/_apis/wit/fields/Microsoft.VSTS.CMMI.RequiredAttendee5
Microsoft.VSTS.CMMI.RequiredAttendee6,Required Attendee 6,,string,workItem,True,True,True,False,,False,False,False,19,https://dev.azure.com/1id/_apis/wit/fields/Microsoft.VSTS.CMMI.RequiredAttendee6
Microsoft.VSTS.CMMI.RequiredAttendee7,Required Attendee 7,,string,workItem,True,True,True,False,,False,False,False,19,https://dev.azure.com/1id/_apis/wit/fields/Microsoft.VSTS.CMMI.RequiredAttendee7
Microsoft.VSTS.CMMI.RequiredAttendee8,Required Attendee 8,,string,workItem,True,True,True,False,,False,False,False,19,https://dev.azure.com/1id/_apis/wit/fields/Microsoft.VSTS.CMMI.RequiredAttendee8
Microsoft.VSTS.CMMI.RequirementType,Requirement Type,,string,workItem,True,True,False,False,,False,False,False,19,https://dev.azure.com/1id/_apis/wit/fields/Microsoft.VSTS.CMMI.RequirementType
Microsoft.VSTS.CMMI.RequiresReview,Requires Review,,string,workItem,True,True,False,False,,False,False,False,19,https://dev.azure.com/1id/_apis/wit/fields/Microsoft.VSTS.CMMI.RequiresReview
Microsoft.VSTS.CMMI.RequiresTest,Requires Test,,string,workItem,True,True,False,False,,False,False,False,19,https://dev.azure.com/1id/_apis/wit/fields/Microsoft.VSTS.CMMI.RequiresTest
Microsoft.VSTS.Common.Resolution,Resolution,,html,workItem,True,False,False,False,,False,False,False,2,https://dev.azure.com/1id/_apis/wit/fields/Microsoft.VSTS.Common.Resolution
Microsoft.VSTS.Common.ResolvedBy,Resolved By,,string,workItem,True,True,True,False,,False,False,False,19,https://dev.azure.com/1id/_apis/wit/fields/Microsoft.VSTS.Common.ResolvedBy
Microsoft.VSTS.Common.ResolvedDate,Resolved Date,,dateTime,workItem,True,True,False,False,,False,False,False,14,https://dev.azure.com/1id/_apis/wit/fields/Microsoft.VSTS.Common.ResolvedDate
Microsoft.VSTS.Common.ResolvedReason,Resolved Reason,The reason why the bug was resolved,string,workItem,True,True,False,False,,False,False,False,19,https://dev.azure.com/1id/_apis/wit/fields/Microsoft.VSTS.Common.ResolvedReason
System.Rev,Rev,,integer,workItem,True,True,False,False,,False,True,False,14,https://dev.azure.com/1id/_apis/wit/fields/System.Rev
Microsoft.VSTS.Common.ReviewedBy,Reviewed By,,string,workItem,True,True,True,False,,False,False,False,19,https://dev.azure.com/1id/_apis/wit/fields/Microsoft.VSTS.Common.ReviewedBy
Custom.Reviewer,Reviewer,,string,workItem,True,True,True,False,,False,False,False,19,https://dev.azure.com/1id/_apis/wit/fields/Custom.Reviewer
System.RevisedDate,Revised Date,,dateTime,workItem,True,True,False,False,,False,True,False,14,https://dev.azure.com/1id/_apis/wit/fields/System.RevisedDate
Microsoft.VSTS.Common.Risk,Risk,Uncertainty in epic,string,workItem,True,True,False,False,,False,False,False,19,https://dev.azure.com/1id/_apis/wit/fields/Microsoft.VSTS.Common.Risk
Custom.RisksandMitigations,Risks and Mitigations,,html,workItem,True,False,False,False,,False,False,False,2,https://dev.azure.com/1id/_apis/wit/fields/Custom.RisksandMitigations
Microsoft.VSTS.CMMI.RootCause,Root Cause,,string,workItem,True,True,False,False,,False,False,False,19,https://dev.azure.com/1id/_apis/wit/fields/Microsoft.VSTS.CMMI.RootCause
Custom.Safeguard,Safeguard,,boolean,workItem,True,True,False,False,,False,False,False,5,https://dev.azure.com/1id/_apis/wit/fields/Custom.Safeguard
Custom.ScheduleConsiderations,Schedule Considerations,,html,workItem,True,False,False,False,,False,False,False,2,https://dev.azure.com/1id/_apis/wit/fields/Custom.ScheduleConsiderations
Custom.SecondaryContact,Secondary Contact,"Use this field to identify an additional person responsible for coordination, testing, or support. This contact will not receive work item assignments automatically.",string,workItem,True,True,True,False,,False,False,False,19,https://dev.azure.com/1id/_apis/wit/fields/Custom.SecondaryContact
Custom.Security,Security,,boolean,workItem,True,True,False,False,,False,False,False,5,https://dev.azure.com/1id/_apis/wit/fields/Custom.Security
Custom.SemanticVersion,Semantic Version,,string,workItem,True,True,False,False,,False,False,False,19,https://dev.azure.com/1id/_apis/wit/fields/Custom.SemanticVersion
Microsoft.VSTS.Common.Severity,Severity,Assessment of the effect of the bug on the project,string,workItem,True,True,False,False,,False,False,False,19,https://dev.azure.com/1id/_apis/wit/fields/Microsoft.VSTS.Common.Severity
Custom.SG_Feature_Owner,SG_Feature_Owner,,string,workItem,True,True,False,True,7e8cefd8-73d3-49f2-8a50-f526277ce8d0,False,False,False,19,https://dev.azure.com/1id/_apis/wit/fields/Custom.SG_Feature_Owner
Custom.SG_Work_Category,SG_Work_Category,Development Work Category,string,workItem,True,True,False,True,c13ad50f-b3d4-4a45-8717-9e9a15343820,False,False,False,19,https://dev.azure.com/1id/_apis/wit/fields/Custom.SG_Work_Category
Custom.SiebelSRs,Siebel SRs,Associated Siebel Service Request number. Multiple SRs can be separated by comma.,string,workItem,True,True,False,False,,False,False,False,19,https://dev.azure.com/1id/_apis/wit/fields/Custom.SiebelSRs
Custom.SiebelSRCount,SiebelSRCount,,integer,workItem,True,True,False,False,,False,False,False,15,https://dev.azure.com/1id/_apis/wit/fields/Custom.SiebelSRCount
Microsoft.VSTS.Scheduling.Size,Size,The size of work estimated for fixing the bug,double,workItem,True,True,False,False,,False,False,False,15,https://dev.azure.com/1id/_apis/wit/fields/Microsoft.VSTS.Scheduling.Size
Custom.SizeEstimateRelative,Size Estimate Relative,,string,workItem,True,True,False,True,66c97cf9-18d6-44a0-903c-c418fa4aaa78,False,False,False,19,https://dev.azure.com/1id/_apis/wit/fields/Custom.SizeEstimateRelative
Microsoft.VSTS.Common.StackRank,Stack Rank,Work first on items with lower-valued stack rank. Set in triage.,double,workItem,True,True,False,False,,False,False,False,15,https://dev.azure.com/1id/_apis/wit/fields/Microsoft.VSTS.Common.StackRank
Custom.Stakeholders,Stakeholders,List of stakeholders,string,workItem,True,True,False,False,,False,False,False,19,https://dev.azure.com/1id/_apis/wit/fields/Custom.Stakeholders
Microsoft.VSTS.Scheduling.StartDate,Start Date,The date to start the task,dateTime,workItem,True,True,False,False,,False,False,False,14,https://dev.azure.com/1id/_apis/wit/fields/Microsoft.VSTS.Scheduling.StartDate
ScrumforPAM.StartIteration,StartIteration,,string,workItem,True,True,False,False,,False,False,False,19,https://dev.azure.com/1id/_apis/wit/fields/ScrumforPAM.StartIteration
System.State,State,New = for triage; Active = not yet fixed; Resolved = fixed not yet verified; Closed = fix verified.,string,workItem,True,True,False,False,,False,False,False,19,https://dev.azure.com/1id/_apis/wit/fields/System.State
Microsoft.VSTS.Common.StateChangeDate,State Change Date,,dateTime,workItem,True,True,False,False,,False,False,False,14,https://dev.azure.com/1id/_apis/wit/fields/Microsoft.VSTS.Common.StateChangeDate
Microsoft.VSTS.Common.StateCode,State Code,,integer,workItem,True,True,False,False,,False,False,False,15,https://dev.azure.com/1id/_apis/wit/fields/Microsoft.VSTS.Common.StateCode
Microsoft.VSTS.TCM.Steps,Steps,Steps required to perform the test,html,workItem,True,False,False,False,,False,False,False,2,https://dev.azure.com/1id/_apis/wit/fields/Microsoft.VSTS.TCM.Steps
Microsoft.VSTS.Scheduling.StoryPoints,Story Points,The size of work estimated for fixing the bug,double,workItem,True,True,False,False,,False,False,False,15,https://dev.azure.com/1id/_apis/wit/fields/Microsoft.VSTS.Scheduling.StoryPoints
Microsoft.VSTS.CMMI.SubjectMatterExpert1,Subject Matter Expert 1,,string,workItem,True,True,True,False,,False,False,False,19,https://dev.azure.com/1id/_apis/wit/fields/Microsoft.VSTS.CMMI.SubjectMatterExpert1
Microsoft.VSTS.CMMI.SubjectMatterExpert2,Subject Matter Expert 2,,string,workItem,True,True,True,False,,False,False,False,19,https://dev.azure.com/1id/_apis/wit/fields/Microsoft.VSTS.CMMI.SubjectMatterExpert2
Microsoft.VSTS.CMMI.SubjectMatterExpert3,Subject Matter Expert 3,,string,workItem,True,True,True,False,,False,False,False,19,https://dev.azure.com/1id/_apis/wit/fields/Microsoft.VSTS.CMMI.SubjectMatterExpert3
Custom.SuccessCriteria,Success Criteria,,html,workItem,True,False,False,False,,False,False,False,2,https://dev.azure.com/1id/_apis/wit/fields/Custom.SuccessCriteria
Custom.SupportTickets,Support Tickets,,html,workItem,True,False,False,False,,False,False,False,2,https://dev.azure.com/1id/_apis/wit/fields/Custom.SupportTickets
Custom.SupportCaseId,SupportCaseId,,string,workItem,True,True,False,False,,False,False,False,19,https://dev.azure.com/1id/_apis/wit/fields/Custom.SupportCaseId
Microsoft.VSTS.CMMI.Symptom,Symptom,,html,workItem,True,False,False,False,,False,False,False,2,https://dev.azure.com/1id/_apis/wit/fields/Microsoft.VSTS.CMMI.Symptom
Microsoft.VSTS.TCM.SystemInfo,System Info,"Test context, provided automatically by test infrastructure",html,workItem,True,False,False,False,,False,False,False,2,https://dev.azure.com/1id/_apis/wit/fields/Microsoft.VSTS.TCM.SystemInfo
System.Tags,Tags,,plainText,workItem,True,False,False,False,,False,False,False,2,https://dev.azure.com/1id/_apis/wit/fields/System.Tags
Microsoft.VSTS.Scheduling.TargetDate,Target Date,The target date for completing the epic,dateTime,workItem,True,True,False,False,,False,False,False,14,https://dev.azure.com/1id/_apis/wit/fields/Microsoft.VSTS.Scheduling.TargetDate
Microsoft.VSTS.CMMI.TargetResolveDate,Target Resolve Date,,dateTime,workItem,True,True,False,False,,False,False,False,14,https://dev.azure.com/1id/_apis/wit/fields/Microsoft.VSTS.CMMI.TargetResolveDate
Microsoft.VSTS.CMMI.TaskType,Task Type,,string,workItem,True,True,False,False,,False,False,False,19,https://dev.azure.com/1id/_apis/wit/fields/Microsoft.VSTS.CMMI.TaskType
ScrumforPAM.Team,Team,,string,workItem,True,True,False,False,,False,False,False,19,https://dev.azure.com/1id/_apis/wit/fields/ScrumforPAM.Team
System.TeamProject,Team Project,,string,workItem,True,True,False,False,,False,False,False,18,https://dev.azure.com/1id/_apis/wit/fields/System.TeamProject
ScrumforCAM.TeamCityAutomation,TeamCityAutomation,,string,workItem,True,True,False,False,,False,False,False,19,https://dev.azure.com/1id/_apis/wit/fields/ScrumforCAM.TeamCityAutomation
Custom.TechWriter,Tech Writer,Assign the technical writer responsible for documenting this work item,string,workItem,True,True,True,False,,False,False,False,19,https://dev.azure.com/1id/_apis/wit/fields/Custom.TechWriter
Custom.TechArea,TechArea,,string,workItem,True,True,False,False,,False,False,False,19,https://dev.azure.com/1id/_apis/wit/fields/Custom.TechArea
Custom.TechComm,TechComm,,string,workItem,True,True,False,True,0e23885d-02e5-4146-9f8c-d0baa05b45af,False,False,False,19,https://dev.azure.com/1id/_apis/wit/fields/Custom.TechComm
Custom.Test,Test,,string,workItem,True,True,False,True,9e7d3086-4e1e-4451-b02a-20933d2c262c,False,False,False,19,https://dev.azure.com/1id/_apis/wit/fields/Custom.Test
Microsoft.VSTS.TCM.TestSuiteAudit,Test Suite Audit,Captures the test suite audit trail.,plainText,workItem,True,False,False,False,,False,False,False,2,https://dev.azure.com/1id/_apis/wit/fields/Microsoft.VSTS.TCM.TestSuiteAudit
Microsoft.VSTS.TCM.TestSuiteType,Test Suite Type,Specifies the category of the test suite.,string,workItem,True,True,False,False,,False,False,False,19,https://dev.azure.com/1id/_apis/wit/fields/Microsoft.VSTS.TCM.TestSuiteType
Microsoft.VSTS.TCM.TestSuiteTypeId,Test Suite Type Id,,integer,workItem,True,True,False,False,,False,False,False,15,https://dev.azure.com/1id/_apis/wit/fields/Microsoft.VSTS.TCM.TestSuiteTypeId
Custom.testfield,testfield,,string,workItem,True,True,False,False,,False,False,False,19,https://dev.azure.com/1id/_apis/wit/fields/Custom.testfield
System.TFServer,TF Server,,string,workItem,False,False,False,False,,False,False,False,19,https://dev.azure.com/1id/_apis/wit/fields/System.TFServer
Custom.TFSId,TFSId,,string,workItem,True,True,False,False,,False,False,False,19,https://dev.azure.com/1id/_apis/wit/fields/Custom.TFSId
ScrumforPAM.Theme,Theme,,string,workItem,True,True,False,False,,False,False,False,19,https://dev.azure.com/1id/_apis/wit/fields/ScrumforPAM.Theme
Microsoft.VSTS.Common.TimeCriticality,Time Criticality,How does the business value decay over time. Higher values make the epic more time critical,double,workItem,True,True,False,False,,False,False,False,15,https://dev.azure.com/1id/_apis/wit/fields/Microsoft.VSTS.Common.TimeCriticality
System.Title,Title,Stories affected and how,string,workItem,True,True,False,False,,False,False,False,21,https://dev.azure.com/1id/_apis/wit/fields/System.Title
Microsoft.VSTS.Common.Triage,Triage,Status of triaging the bug,string,workItem,True,True,False,False,,False,False,False,19,https://dev.azure.com/1id/_apis/wit/fields/Microsoft.VSTS.Common.Triage
Custom.TShirtSize,TShirtSize,,string,workItem,True,True,False,True,15b160ed-4c41-4aa8-b251-4553adaad1ee,False,False,False,19,https://dev.azure.com/1id/_apis/wit/fields/Custom.TShirtSize
Custom.Type,Type,Type of Integration,string,workItem,True,True,False,True,3440571e-ad63-491d-9795-a57bbd5ba722,False,False,False,19,https://dev.azure.com/1id/_apis/wit/fields/Custom.Type
Custom.Urgency,Urgency,,string,workItem,True,True,False,True,8f86a1d1-fd59-457a-b68c-5368a8b1b961,False,False,False,19,https://dev.azure.com/1id/_apis/wit/fields/Custom.Urgency
Microsoft.VSTS.CMMI.UserAcceptanceTest,User Acceptance Test,,string,workItem,True,True,False,False,,False,False,False,19,https://dev.azure.com/1id/_apis/wit/fields/Microsoft.VSTS.CMMI.UserAcceptanceTest
Custom.ValidationTestPlan,Validation Test Plan,Summary of the testing performed which certify that the changes being made are stable and ready for release.,html,workItem,True,False,False,False,,False,False,False,2,https://dev.azure.com/1id/_apis/wit/fields/Custom.ValidationTestPlan
Microsoft.VSTS.Common.ValueArea,Value Area,The type should be set to Business primarily to represent customer-facing issues. Work to change the architecture should be added as a User Story,string,workItem,True,True,False,False,,False,False,False,19,https://dev.azure.com/1id/_apis/wit/fields/Microsoft.VSTS.Common.ValueArea
Custom.VerifiedIn,VerifiedIn,,string,workItem,True,True,False,False,,False,False,False,19,https://dev.azure.com/1id/_apis/wit/fields/Custom.VerifiedIn
Custom.Viper,Viper,,string,workItem,True,True,False,False,,False,False,False,19,https://dev.azure.com/1id/_apis/wit/fields/Custom.Viper
System.Watermark,Watermark,,integer,workItem,True,True,False,False,,False,True,False,14,https://dev.azure.com/1id/_apis/wit/fields/System.Watermark
System.WorkItemForm,Work Item Form,,plainText,workItem,False,False,False,False,,False,True,False,2,https://dev.azure.com/1id/_apis/wit/fields/System.WorkItemForm
System.WorkItemFormId,Work Item FormID,,integer,workItem,False,False,False,False,,False,True,False,14,https://dev.azure.com/1id/_apis/wit/fields/System.WorkItemFormId
System.WorkItemType,Work Item Type,,string,workItem,True,True,False,False,,False,False,False,19,https://dev.azure.com/1id/_apis/wit/fields/System.WorkItemType
