Project ID,Project Name,Team ID,Team Name,Board ID,Board Name,Row ID,Row Name,Row Order,Is Default
0dc08af7-d2d0-4a86-b50c-0114295cfdea,Starling,,Aha_Triage_Area_Backlog,a8bd0de5-4f33-43ba-830b-d74db8348599,Backlog items,00000000-0000-0000-0000-000000000000,,1,True
0dc08af7-d2d0-4a86-b50c-0114295cfdea,Starling,d5500d2e-9525-44a4-b211-c87087d7517e,Aha Triage Area,8262de72-e08e-4683-acd5-4db55b8f639d,Epics,00000000-0000-0000-0000-000000000000,,1,True
0dc08af7-d2d0-4a86-b50c-0114295cfdea,Starling,d5500d2e-9525-44a4-b211-c87087d7517e,Aha Triage Area,20aab072-34bd-47ad-a137-5baee2d1ea5b,Features,00000000-0000-0000-0000-000000000000,,1,True
0dc08af7-d2d0-4a86-b50c-0114295cfdea,Starling,d5500d2e-9525-44a4-b211-c87087d7517e,Aha Triage Area,bc098fc6-a5fd-4ecf-974b-0cea31efced7,Initiatives,00000000-0000-0000-0000-000000000000,,1,True
0dc08af7-d2d0-4a86-b50c-0114295cfdea,Starling,,AI_team_Backlog,a99e8f34-8dc4-4d3f-b24f-db542f9b18d8,Backlog items,00000000-0000-0000-0000-000000000000,,1,True
0dc08af7-d2d0-4a86-b50c-0114295cfdea,Starling,a607cb41-916d-4f83-b90a-6732284ebeca,AI team,3d39a0d6-7b01-4138-86b5-e8a5ce23be90,Epics,00000000-0000-0000-0000-000000000000,,1,True
0dc08af7-d2d0-4a86-b50c-0114295cfdea,Starling,a607cb41-916d-4f83-b90a-6732284ebeca,AI team,e60998de-86f3-43a4-93e0-7c99a79c5efa,Features,00000000-0000-0000-0000-000000000000,,1,True
0dc08af7-d2d0-4a86-b50c-0114295cfdea,Starling,a607cb41-916d-4f83-b90a-6732284ebeca,AI team,deddddb0-6075-4523-901f-3b509a36c2cf,Initiatives,00000000-0000-0000-0000-000000000000,,1,True
0dc08af7-d2d0-4a86-b50c-0114295cfdea,Starling,,Connect_Connectors_Team_Backlog,3945ca3e-dad3-47ca-8d99-6be15f088f80,Backlog items,cb127f35-9d92-4422-9eca-1da78c50d07b,Connector Enhancements,1,False
0dc08af7-d2d0-4a86-b50c-0114295cfdea,Starling,,Connect_Connectors_Team_Backlog,3945ca3e-dad3-47ca-8d99-6be15f088f80,Backlog items,5d831bc0-8054-40d1-b067-df1ff3f7402f,New Connectors,2,False
0dc08af7-d2d0-4a86-b50c-0114295cfdea,Starling,,Connect_Connectors_Team_Backlog,3945ca3e-dad3-47ca-8d99-6be15f088f80,Backlog items,aee381d8-001b-41cc-9829-7068b9479210,Refactoring,3,False
0dc08af7-d2d0-4a86-b50c-0114295cfdea,Starling,,Connect_Connectors_Team_Backlog,3945ca3e-dad3-47ca-8d99-6be15f088f80,Backlog items,c8e5978f-e17a-4822-978e-44c7af4bf58e,Documentation,4,False
0dc08af7-d2d0-4a86-b50c-0114295cfdea,Starling,,Connect_Connectors_Team_Backlog,3945ca3e-dad3-47ca-8d99-6be15f088f80,Backlog items,6e0a3668-b74b-44c4-ad26-f0fdff7c92b8,Bugs,5,False
0dc08af7-d2d0-4a86-b50c-0114295cfdea,Starling,,Connect_Connectors_Team_Backlog,3945ca3e-dad3-47ca-8d99-6be15f088f80,Backlog items,1cb54720-8850-4d5f-ad0c-e590ec0a4db5,Starling Integration,6,False
0dc08af7-d2d0-4a86-b50c-0114295cfdea,Starling,,Connect_Connectors_Team_Backlog,3945ca3e-dad3-47ca-8d99-6be15f088f80,Backlog items,6c850a9c-8d1d-4829-97b3-eaf339140c8c,Continuous Integration,7,False
0dc08af7-d2d0-4a86-b50c-0114295cfdea,Starling,,Connect_Connectors_Team_Backlog,3945ca3e-dad3-47ca-8d99-6be15f088f80,Backlog items,25229c7b-b9e2-4a7a-8669-7e59a59f7fa2,Support Cases,8,False
0dc08af7-d2d0-4a86-b50c-0114295cfdea,Starling,,Connect_Connectors_Team_Backlog,3945ca3e-dad3-47ca-8d99-6be15f088f80,Backlog items,1f0e35f5-6180-4e93-825b-7c0c5ca821b2,1IM E2E Automation,9,False
0dc08af7-d2d0-4a86-b50c-0114295cfdea,Starling,,Connect_Connectors_Team_Backlog,3945ca3e-dad3-47ca-8d99-6be15f088f80,Backlog items,fcb19d40-2724-4408-a794-51a7b67954cf,Functional Automation,10,False
0dc08af7-d2d0-4a86-b50c-0114295cfdea,Starling,,Connect_Connectors_Team_Backlog,3945ca3e-dad3-47ca-8d99-6be15f088f80,Backlog items,10ccb101-88aa-4600-8407-154e88a78284,CapacityTesting,11,False
0dc08af7-d2d0-4a86-b50c-0114295cfdea,Starling,,Connect_Connectors_Team_Backlog,3945ca3e-dad3-47ca-8d99-6be15f088f80,Backlog items,00000000-0000-0000-0000-000000000000,,12,True
0dc08af7-d2d0-4a86-b50c-0114295cfdea,Starling,045ad6e7-b10a-4be9-bcb8-ac973f2422aa,Connect Connectors Team,63608390-c9db-496d-b36b-35f04700b225,Epics,00000000-0000-0000-0000-000000000000,,1,True
0dc08af7-d2d0-4a86-b50c-0114295cfdea,Starling,045ad6e7-b10a-4be9-bcb8-ac973f2422aa,Connect Connectors Team,225a75ab-a9fb-414c-a11d-aea625af1599,Features,00000000-0000-0000-0000-000000000000,,1,True
0dc08af7-d2d0-4a86-b50c-0114295cfdea,Starling,045ad6e7-b10a-4be9-bcb8-ac973f2422aa,Connect Connectors Team,ea12bab9-d100-4981-b496-342b6458f40a,Initiatives,00000000-0000-0000-0000-000000000000,,1,True
0dc08af7-d2d0-4a86-b50c-0114295cfdea,Starling,,Connect_for_Safeguard_Team_Backlog,54e3e295-975b-430b-986e-462d39a6f3e8,Backlog items,00000000-0000-0000-0000-000000000000,,1,True
0dc08af7-d2d0-4a86-b50c-0114295cfdea,Starling,93c9433d-e5ff-4072-9d3f-b68a6e8c0350,Connect for Safeguard Team,bfa948a9-a92c-4f0b-b189-d7f1e54c593c,Epics,00000000-0000-0000-0000-000000000000,,1,True
0dc08af7-d2d0-4a86-b50c-0114295cfdea,Starling,93c9433d-e5ff-4072-9d3f-b68a6e8c0350,Connect for Safeguard Team,0db87a05-e367-4145-9d9a-8cd38666dc8c,Features,00000000-0000-0000-0000-000000000000,,1,True
0dc08af7-d2d0-4a86-b50c-0114295cfdea,Starling,93c9433d-e5ff-4072-9d3f-b68a6e8c0350,Connect for Safeguard Team,73a5589b-fd2e-4bd7-9df1-57a2dffba7c0,Initiatives,00000000-0000-0000-0000-000000000000,,1,True
0dc08af7-d2d0-4a86-b50c-0114295cfdea,Starling,,Identity_Essentials_Backlog,b207c1ba-8a99-41a9-9d46-409d0f86c241,Backlog items,00000000-0000-0000-0000-000000000000,,1,True
0dc08af7-d2d0-4a86-b50c-0114295cfdea,Starling,570efcc3-7c23-4a94-9313-9d19e94ec4c0,Identity Essentials,273b13f8-3980-479b-98dd-1bfb1c916b74,Epics,00000000-0000-0000-0000-000000000000,,1,True
0dc08af7-d2d0-4a86-b50c-0114295cfdea,Starling,570efcc3-7c23-4a94-9313-9d19e94ec4c0,Identity Essentials,fdc9ffe2-a6a4-4ed5-9b8f-f7615ea4994b,Features,00000000-0000-0000-0000-000000000000,,1,True
0dc08af7-d2d0-4a86-b50c-0114295cfdea,Starling,570efcc3-7c23-4a94-9313-9d19e94ec4c0,Identity Essentials,3e0a4078-248e-4aaa-bb57-2ff168390602,Initiatives,00000000-0000-0000-0000-000000000000,,1,True
0dc08af7-d2d0-4a86-b50c-0114295cfdea,Starling,,IMOD_Team_Backlog,cfd93ca4-54a6-4766-b8e5-8e0af07d9c55,Backlog items,f9bb589c-5bb5-4e79-b049-4776d3a76a82,CertAccess Clean-up,1,False
0dc08af7-d2d0-4a86-b50c-0114295cfdea,Starling,,IMOD_Team_Backlog,cfd93ca4-54a6-4766-b8e5-8e0af07d9c55,Backlog items,fbbb42e9-15a2-4498-a2ec-a0c784900ff6,Customer Migrations,2,False
0dc08af7-d2d0-4a86-b50c-0114295cfdea,Starling,,IMOD_Team_Backlog,cfd93ca4-54a6-4766-b8e5-8e0af07d9c55,Backlog items,5168f3a8-9e9c-4f5f-8c15-48c905ca22ca,Customer Upgrades,3,False
0dc08af7-d2d0-4a86-b50c-0114295cfdea,Starling,,IMOD_Team_Backlog,cfd93ca4-54a6-4766-b8e5-8e0af07d9c55,Backlog items,794d9e8b-5f92-401d-9911-8c4aebab876d,Customer Cases,4,False
0dc08af7-d2d0-4a86-b50c-0114295cfdea,Starling,,IMOD_Team_Backlog,cfd93ca4-54a6-4766-b8e5-8e0af07d9c55,Backlog items,577f0ab7-7feb-48ac-b0b5-9a77c4e09cd0,Ibis,5,False
0dc08af7-d2d0-4a86-b50c-0114295cfdea,Starling,,IMOD_Team_Backlog,cfd93ca4-54a6-4766-b8e5-8e0af07d9c55,Backlog items,00000000-0000-0000-0000-000000000000,Default,6,True
0dc08af7-d2d0-4a86-b50c-0114295cfdea,Starling,3ed2cc22-14a9-4601-afea-3e8ce2469ef5,IMOD Team,3c35a759-2287-4996-803a-20c6f8a795dc,Epics,00000000-0000-0000-0000-000000000000,,1,True
0dc08af7-d2d0-4a86-b50c-0114295cfdea,Starling,3ed2cc22-14a9-4601-afea-3e8ce2469ef5,IMOD Team,95a98f77-1c98-4a92-946c-30291ea5a772,Features,00000000-0000-0000-0000-000000000000,,1,True
0dc08af7-d2d0-4a86-b50c-0114295cfdea,Starling,3ed2cc22-14a9-4601-afea-3e8ce2469ef5,IMOD Team,4388d9da-ee99-4a51-bb58-a7fe6dbb8e0a,Initiatives,00000000-0000-0000-0000-000000000000,,1,True
0dc08af7-d2d0-4a86-b50c-0114295cfdea,Starling,,On_Demand_Team_Backlog,d55fe6d6-f5de-4f5a-b030-564b1627790a,Backlog items,1f7b23c3-9b0a-4a9c-a119-ebb99da5c40d,Expedited,1,False
0dc08af7-d2d0-4a86-b50c-0114295cfdea,Starling,,On_Demand_Team_Backlog,d55fe6d6-f5de-4f5a-b030-564b1627790a,Backlog items,06747933-e513-4919-a2d5-f6f55ab7207c,SGOD,2,False
0dc08af7-d2d0-4a86-b50c-0114295cfdea,Starling,,On_Demand_Team_Backlog,d55fe6d6-f5de-4f5a-b030-564b1627790a,Backlog items,f4b3a9cd-54c4-4e2c-a06a-c9c09a1011cb,AROD,3,False
0dc08af7-d2d0-4a86-b50c-0114295cfdea,Starling,,On_Demand_Team_Backlog,d55fe6d6-f5de-4f5a-b030-564b1627790a,Backlog items,49bada0a-dddc-4842-9274-645390df2fc4,PMOD,4,False
0dc08af7-d2d0-4a86-b50c-0114295cfdea,Starling,,On_Demand_Team_Backlog,d55fe6d6-f5de-4f5a-b030-564b1627790a,Backlog items,a71ab8df-fe0c-4013-95bd-98985c706453,OD Common,5,False
0dc08af7-d2d0-4a86-b50c-0114295cfdea,Starling,,On_Demand_Team_Backlog,d55fe6d6-f5de-4f5a-b030-564b1627790a,Backlog items,00000000-0000-0000-0000-000000000000,Default,6,True
0dc08af7-d2d0-4a86-b50c-0114295cfdea,Starling,ad81b02b-5cd6-495f-ad2e-a246dde2f8f0,On Demand Team,a5ddf736-754b-424b-b4f9-dd299f01d5f3,Epics,00000000-0000-0000-0000-000000000000,,1,True
0dc08af7-d2d0-4a86-b50c-0114295cfdea,Starling,ad81b02b-5cd6-495f-ad2e-a246dde2f8f0,On Demand Team,67fa08d1-9a32-42de-86d6-74926df9fa0f,Features,0d433552-c59c-4ebc-89af-405ea3e539a9,Expedited,1,False
0dc08af7-d2d0-4a86-b50c-0114295cfdea,Starling,ad81b02b-5cd6-495f-ad2e-a246dde2f8f0,On Demand Team,67fa08d1-9a32-42de-86d6-74926df9fa0f,Features,cfaac39e-bb7d-4c25-8870-96ac97bfac43,OPS,2,False
0dc08af7-d2d0-4a86-b50c-0114295cfdea,Starling,ad81b02b-5cd6-495f-ad2e-a246dde2f8f0,On Demand Team,67fa08d1-9a32-42de-86d6-74926df9fa0f,Features,00000000-0000-0000-0000-000000000000,Scott / Tomer (SGOD AROD PMOD),3,True
0dc08af7-d2d0-4a86-b50c-0114295cfdea,Starling,ad81b02b-5cd6-495f-ad2e-a246dde2f8f0,On Demand Team,67fa08d1-9a32-42de-86d6-74926df9fa0f,Features,e095be54-82aa-4e17-ae10-cbc1eda794a4,Dane / Andy (IMOD),4,False
0dc08af7-d2d0-4a86-b50c-0114295cfdea,Starling,ad81b02b-5cd6-495f-ad2e-a246dde2f8f0,On Demand Team,67fa08d1-9a32-42de-86d6-74926df9fa0f,Features,7b2f038a-ecd8-4fd5-a4ad-52024c6a28a7,Will (SG Cluster / Nth env),5,False
0dc08af7-d2d0-4a86-b50c-0114295cfdea,Starling,ad81b02b-5cd6-495f-ad2e-a246dde2f8f0,On Demand Team,67fa08d1-9a32-42de-86d6-74926df9fa0f,Features,2e1967a0-6da0-415a-93cd-060f13a9a038,DOCS,6,False
0dc08af7-d2d0-4a86-b50c-0114295cfdea,Starling,ad81b02b-5cd6-495f-ad2e-a246dde2f8f0,On Demand Team,67fa08d1-9a32-42de-86d6-74926df9fa0f,Features,cab1c8af-0032-4a8d-a797-00aa03260d1b,Other resources (Dave/Will/Vlad/Doug),7,False
0dc08af7-d2d0-4a86-b50c-0114295cfdea,Starling,ad81b02b-5cd6-495f-ad2e-a246dde2f8f0,On Demand Team,1fd4b761-abf0-4fb3-bcc0-ca7e9b40d94a,Initiatives,00000000-0000-0000-0000-000000000000,,1,True
0dc08af7-d2d0-4a86-b50c-0114295cfdea,Starling,,PAM_Backlog,8711eaac-3c9d-42e3-9078-6bdca68f68ef,Backlog items,00000000-0000-0000-0000-000000000000,,1,True
0dc08af7-d2d0-4a86-b50c-0114295cfdea,Starling,57c7769a-7e35-4950-b96e-b45903bf2b4d,PAM,578ca6f3-872f-4bfb-8113-6db83a38420b,Epics,00000000-0000-0000-0000-000000000000,,1,True
0dc08af7-d2d0-4a86-b50c-0114295cfdea,Starling,,PAM_Essentials_Team_Backlog,746ade7c-3a48-4110-b2f3-7baef6f80721,Backlog items,00000000-0000-0000-0000-000000000000,,1,True
0dc08af7-d2d0-4a86-b50c-0114295cfdea,Starling,9752be10-4e5a-4119-9fa1-7b33b7297408,PAM Essentials Team,c26ed20d-b645-48f9-ba22-2410e82b9704,Epics,00000000-0000-0000-0000-000000000000,,1,True
0dc08af7-d2d0-4a86-b50c-0114295cfdea,Starling,9752be10-4e5a-4119-9fa1-7b33b7297408,PAM Essentials Team,76108373-42f5-48ee-b9b4-503cc6e5af7e,Features,00000000-0000-0000-0000-000000000000,,1,True
0dc08af7-d2d0-4a86-b50c-0114295cfdea,Starling,9752be10-4e5a-4119-9fa1-7b33b7297408,PAM Essentials Team,cd71126c-6268-461b-afbd-c5c4a309e3ed,Initiatives,00000000-0000-0000-0000-000000000000,,1,True
0dc08af7-d2d0-4a86-b50c-0114295cfdea,Starling,57c7769a-7e35-4950-b96e-b45903bf2b4d,PAM,797fd1d4-9028-47a4-a77c-e89b46fea14d,Features,00000000-0000-0000-0000-000000000000,,1,True
0dc08af7-d2d0-4a86-b50c-0114295cfdea,Starling,57c7769a-7e35-4950-b96e-b45903bf2b4d,PAM,ecd3e97c-a0c2-4435-8bde-28ab976466f2,Initiatives,00000000-0000-0000-0000-000000000000,,1,True
0dc08af7-d2d0-4a86-b50c-0114295cfdea,Starling,,Platform_Engineering_Team_Backlog,32f288ec-5fad-4d1c-b458-f573d7709c14,Backlog items,55f97a11-15a5-4c3a-9185-548aa491a391,Priority 1,1,False
0dc08af7-d2d0-4a86-b50c-0114295cfdea,Starling,,Platform_Engineering_Team_Backlog,32f288ec-5fad-4d1c-b458-f573d7709c14,Backlog items,c5993592-dd4e-4511-ac52-acb929cab875,Customer Cases,2,False
0dc08af7-d2d0-4a86-b50c-0114295cfdea,Starling,,Platform_Engineering_Team_Backlog,32f288ec-5fad-4d1c-b458-f573d7709c14,Backlog items,c74a7459-d058-47de-8104-d380517b66c3,OD Provisioning/Upgrades - Reactive,3,False
0dc08af7-d2d0-4a86-b50c-0114295cfdea,Starling,,Platform_Engineering_Team_Backlog,32f288ec-5fad-4d1c-b458-f573d7709c14,Backlog items,e67c28b9-c7eb-43f2-90fd-8d05c6404f8c,OL/OI TechOps Merge,4,False
0dc08af7-d2d0-4a86-b50c-0114295cfdea,Starling,,Platform_Engineering_Team_Backlog,32f288ec-5fad-4d1c-b458-f573d7709c14,Backlog items,0d0b1e42-f55c-4014-9444-dfc8583e938a,Pipeline Work,5,False
0dc08af7-d2d0-4a86-b50c-0114295cfdea,Starling,,Platform_Engineering_Team_Backlog,32f288ec-5fad-4d1c-b458-f573d7709c14,Backlog items,00000000-0000-0000-0000-000000000000,Day to Day,6,True
0dc08af7-d2d0-4a86-b50c-0114295cfdea,Starling,,Platform_Engineering_Team_Backlog,32f288ec-5fad-4d1c-b458-f573d7709c14,Backlog items,31e7c677-10f2-4323-9ad7-4b5d1048e537,Dormant Issues,7,False
0dc08af7-d2d0-4a86-b50c-0114295cfdea,Starling,95b8b768-4e9e-4e56-86f8-a965fe0f7acc,Platform Engineering Team,19240ecd-7b0c-4398-b190-f03f01cac6d0,Epics,00000000-0000-0000-0000-000000000000,Unassigned,1,True
0dc08af7-d2d0-4a86-b50c-0114295cfdea,Starling,95b8b768-4e9e-4e56-86f8-a965fe0f7acc,Platform Engineering Team,19240ecd-7b0c-4398-b190-f03f01cac6d0,Epics,4eb62ffe-520b-4296-99a8-55dab7db312e,TechOps,2,False
0dc08af7-d2d0-4a86-b50c-0114295cfdea,Starling,95b8b768-4e9e-4e56-86f8-a965fe0f7acc,Platform Engineering Team,19240ecd-7b0c-4398-b190-f03f01cac6d0,Epics,1ef909ae-9ff7-492e-990a-228ca09db5d0,Database Administration,3,False
0dc08af7-d2d0-4a86-b50c-0114295cfdea,Starling,95b8b768-4e9e-4e56-86f8-a965fe0f7acc,Platform Engineering Team,19240ecd-7b0c-4398-b190-f03f01cac6d0,Epics,105cf826-6be6-4642-941d-1c5e2cd17358,SIte Reliability,4,False
0dc08af7-d2d0-4a86-b50c-0114295cfdea,Starling,95b8b768-4e9e-4e56-86f8-a965fe0f7acc,Platform Engineering Team,19240ecd-7b0c-4398-b190-f03f01cac6d0,Epics,4f6abb27-0e63-4133-8b76-e6961693e710,Infrastructure as Code,5,False
0dc08af7-d2d0-4a86-b50c-0114295cfdea,Starling,95b8b768-4e9e-4e56-86f8-a965fe0f7acc,Platform Engineering Team,19240ecd-7b0c-4398-b190-f03f01cac6d0,Epics,aa105e77-9082-481e-8789-fae7ab175e31,Program Management,6,False
0dc08af7-d2d0-4a86-b50c-0114295cfdea,Starling,95b8b768-4e9e-4e56-86f8-a965fe0f7acc,Platform Engineering Team,a2e8ebd1-469e-418a-818c-4d8639d57d21,Features,00000000-0000-0000-0000-000000000000,Unassigned,1,True
0dc08af7-d2d0-4a86-b50c-0114295cfdea,Starling,95b8b768-4e9e-4e56-86f8-a965fe0f7acc,Platform Engineering Team,a2e8ebd1-469e-418a-818c-4d8639d57d21,Features,76a76472-67b1-45dd-9928-5fef61ba35cc,TechOps,2,False
0dc08af7-d2d0-4a86-b50c-0114295cfdea,Starling,95b8b768-4e9e-4e56-86f8-a965fe0f7acc,Platform Engineering Team,a2e8ebd1-469e-418a-818c-4d8639d57d21,Features,32ad552f-2da0-4a15-92a4-0a313e98d54b,Database Administration,3,False
0dc08af7-d2d0-4a86-b50c-0114295cfdea,Starling,95b8b768-4e9e-4e56-86f8-a965fe0f7acc,Platform Engineering Team,a2e8ebd1-469e-418a-818c-4d8639d57d21,Features,5dcaeac7-1c95-457d-9543-20a98099facc,Site Reliability,4,False
0dc08af7-d2d0-4a86-b50c-0114295cfdea,Starling,95b8b768-4e9e-4e56-86f8-a965fe0f7acc,Platform Engineering Team,a2e8ebd1-469e-418a-818c-4d8639d57d21,Features,7d94b230-c135-49e0-a0b1-525f4f2ac01b,Infrastructure as Code,5,False
0dc08af7-d2d0-4a86-b50c-0114295cfdea,Starling,95b8b768-4e9e-4e56-86f8-a965fe0f7acc,Platform Engineering Team,a2e8ebd1-469e-418a-818c-4d8639d57d21,Features,8970af59-eacf-4547-b783-aa0448eff11f,Program Management,6,False
0dc08af7-d2d0-4a86-b50c-0114295cfdea,Starling,95b8b768-4e9e-4e56-86f8-a965fe0f7acc,Platform Engineering Team,10b16e0d-2a67-4f2b-9d40-63fccc291425,Initiatives,00000000-0000-0000-0000-000000000000,,1,True
0dc08af7-d2d0-4a86-b50c-0114295cfdea,Starling,,Platform_Team_Backlog,e114e5a0-1d92-4a8d-8b14-b133eb3d8fbc,Backlog items,00000000-0000-0000-0000-000000000000,,1,True
0dc08af7-d2d0-4a86-b50c-0114295cfdea,Starling,c9f8a05e-997a-4723-8a76-fd88012814c0,Platform Team,d56fb35d-65d8-4c00-8e47-f17b891ed3cf,Epics,00000000-0000-0000-0000-000000000000,,1,True
0dc08af7-d2d0-4a86-b50c-0114295cfdea,Starling,c9f8a05e-997a-4723-8a76-fd88012814c0,Platform Team,c5d167a3-3536-456a-894b-dc0b4bc5d10c,Features,00000000-0000-0000-0000-000000000000,,1,True
0dc08af7-d2d0-4a86-b50c-0114295cfdea,Starling,c9f8a05e-997a-4723-8a76-fd88012814c0,Platform Team,c65a5b88-6593-4c8f-9f64-479dc41bcd0e,Initiatives,00000000-0000-0000-0000-000000000000,,1,True
0dc08af7-d2d0-4a86-b50c-0114295cfdea,Starling,,Privilege_Manager_Team_Backlog,b538b297-b456-4c62-9d7f-fecd72fcd437,Backlog items,00000000-0000-0000-0000-000000000000,Backend / General,1,True
0dc08af7-d2d0-4a86-b50c-0114295cfdea,Starling,,Privilege_Manager_Team_Backlog,b538b297-b456-4c62-9d7f-fecd72fcd437,Backlog items,be530e6d-c986-497c-84f0-2fe7e61953d2,Agent,2,False
0dc08af7-d2d0-4a86-b50c-0114295cfdea,Starling,,Privilege_Manager_Team_Backlog,b538b297-b456-4c62-9d7f-fecd72fcd437,Backlog items,d6dbd70a-1156-415d-a011-48ab67173563,DevOps,3,False
0dc08af7-d2d0-4a86-b50c-0114295cfdea,Starling,,Privilege_Manager_Team_Backlog,b538b297-b456-4c62-9d7f-fecd72fcd437,Backlog items,c5825e19-1e07-45ca-8449-0da68f2b536b,UI,4,False
0dc08af7-d2d0-4a86-b50c-0114295cfdea,Starling,88125c1d-2244-44c3-819e-34d98bfdcc37,Privilege Manager Team,9ecf662e-cfc5-49e1-a371-5509d63c96d4,Epics,00000000-0000-0000-0000-000000000000,,1,True
0dc08af7-d2d0-4a86-b50c-0114295cfdea,Starling,88125c1d-2244-44c3-819e-34d98bfdcc37,Privilege Manager Team,bc59c9f6-ec8a-4ae6-85b4-140c27c145e2,Features,00000000-0000-0000-0000-000000000000,,1,True
0dc08af7-d2d0-4a86-b50c-0114295cfdea,Starling,88125c1d-2244-44c3-819e-34d98bfdcc37,Privilege Manager Team,11c11044-c26c-44e2-94af-804cef16403a,Initiatives,00000000-0000-0000-0000-000000000000,,1,True
0dc08af7-d2d0-4a86-b50c-0114295cfdea,Starling,,Product_Management_Backlog,e23a9e97-29a8-41f2-a58e-4505e6293c6c,Backlog items,00000000-0000-0000-0000-000000000000,,1,True
0dc08af7-d2d0-4a86-b50c-0114295cfdea,Starling,7d0eb151-14f4-4ab0-9db4-b785ee70ba0a,Product Management,207d16a1-1e57-47c7-8a5d-5cf301eac9d4,Epics,c4dd62e5-666b-42cb-89a2-ce6f6b507653,2FA,1,False
0dc08af7-d2d0-4a86-b50c-0114295cfdea,Starling,7d0eb151-14f4-4ab0-9db4-b785ee70ba0a,Product Management,207d16a1-1e57-47c7-8a5d-5cf301eac9d4,Epics,ef723248-2842-441a-a83a-6925edce0a44,Connect,2,False
0dc08af7-d2d0-4a86-b50c-0114295cfdea,Starling,7d0eb151-14f4-4ab0-9db4-b785ee70ba0a,Product Management,207d16a1-1e57-47c7-8a5d-5cf301eac9d4,Epics,359e4a73-3270-4cf9-962e-9a6b8505aeca,Governance,3,False
0dc08af7-d2d0-4a86-b50c-0114295cfdea,Starling,7d0eb151-14f4-4ab0-9db4-b785ee70ba0a,Product Management,207d16a1-1e57-47c7-8a5d-5cf301eac9d4,Epics,cdf1905f-9437-4d93-8fc0-3e83b046fd1d,On Demand,4,False
0dc08af7-d2d0-4a86-b50c-0114295cfdea,Starling,7d0eb151-14f4-4ab0-9db4-b785ee70ba0a,Product Management,207d16a1-1e57-47c7-8a5d-5cf301eac9d4,Epics,491bdf14-9b45-4a1f-b879-114a17a56688,Platform,5,False
0dc08af7-d2d0-4a86-b50c-0114295cfdea,Starling,7d0eb151-14f4-4ab0-9db4-b785ee70ba0a,Product Management,207d16a1-1e57-47c7-8a5d-5cf301eac9d4,Epics,67556ba2-6a99-4ace-b84b-9524504f7f35,Remote Access,6,False
0dc08af7-d2d0-4a86-b50c-0114295cfdea,Starling,7d0eb151-14f4-4ab0-9db4-b785ee70ba0a,Product Management,207d16a1-1e57-47c7-8a5d-5cf301eac9d4,Epics,1130603a-398a-4cbd-b66b-7415f6893ff8,Operational,7,False
0dc08af7-d2d0-4a86-b50c-0114295cfdea,Starling,7d0eb151-14f4-4ab0-9db4-b785ee70ba0a,Product Management,207d16a1-1e57-47c7-8a5d-5cf301eac9d4,Epics,94b64f52-1ddd-4a17-91c0-6247b658dfa7,Security/Compliance,8,False
0dc08af7-d2d0-4a86-b50c-0114295cfdea,Starling,7d0eb151-14f4-4ab0-9db4-b785ee70ba0a,Product Management,207d16a1-1e57-47c7-8a5d-5cf301eac9d4,Epics,176330ba-0898-4c5b-8f3f-7fe85a1ef174,Recurring,9,False
0dc08af7-d2d0-4a86-b50c-0114295cfdea,Starling,7d0eb151-14f4-4ab0-9db4-b785ee70ba0a,Product Management,207d16a1-1e57-47c7-8a5d-5cf301eac9d4,Epics,00000000-0000-0000-0000-000000000000,,10,True
0dc08af7-d2d0-4a86-b50c-0114295cfdea,Starling,7d0eb151-14f4-4ab0-9db4-b785ee70ba0a,Product Management,3c99d36d-f6a7-4237-b3c6-fd2ada2fa986,Features,f775feb4-af0f-4c03-8660-195b8b9bf7b9,Cloud Assistant,1,False
0dc08af7-d2d0-4a86-b50c-0114295cfdea,Starling,7d0eb151-14f4-4ab0-9db4-b785ee70ba0a,Product Management,3c99d36d-f6a7-4237-b3c6-fd2ada2fa986,Features,b0415a13-3618-41d4-871a-994f562d4167,Connect - Connectors,2,False
0dc08af7-d2d0-4a86-b50c-0114295cfdea,Starling,7d0eb151-14f4-4ab0-9db4-b785ee70ba0a,Product Management,3c99d36d-f6a7-4237-b3c6-fd2ada2fa986,Features,ff981741-a669-48d4-b388-f4b6eece3de3,Connect - Core,3,False
0dc08af7-d2d0-4a86-b50c-0114295cfdea,Starling,7d0eb151-14f4-4ab0-9db4-b785ee70ba0a,Product Management,3c99d36d-f6a7-4237-b3c6-fd2ada2fa986,Features,f481a9dc-2a4a-4553-abdf-fd6add54b755,IMOD - Starling Edition,4,False
0dc08af7-d2d0-4a86-b50c-0114295cfdea,Starling,7d0eb151-14f4-4ab0-9db4-b785ee70ba0a,Product Management,3c99d36d-f6a7-4237-b3c6-fd2ada2fa986,Features,ed9d66d5-c8e6-4682-ac95-b9b418c6da85,On Demand Classic - Web UI,5,False
0dc08af7-d2d0-4a86-b50c-0114295cfdea,Starling,7d0eb151-14f4-4ab0-9db4-b785ee70ba0a,Product Management,3c99d36d-f6a7-4237-b3c6-fd2ada2fa986,Features,190e90e7-1339-4ad7-9e4c-2b64f5f2b0fa,OneARS,6,False
0dc08af7-d2d0-4a86-b50c-0114295cfdea,Starling,7d0eb151-14f4-4ab0-9db4-b785ee70ba0a,Product Management,3c99d36d-f6a7-4237-b3c6-fd2ada2fa986,Features,02e1e6a6-c451-4182-b7a8-9871ffe62333,PAM Essentials,7,False
0dc08af7-d2d0-4a86-b50c-0114295cfdea,Starling,7d0eb151-14f4-4ab0-9db4-b785ee70ba0a,Product Management,3c99d36d-f6a7-4237-b3c6-fd2ada2fa986,Features,328e8b91-ef7b-45e9-8fe2-f63533863c4c,Platform,8,False
0dc08af7-d2d0-4a86-b50c-0114295cfdea,Starling,7d0eb151-14f4-4ab0-9db4-b785ee70ba0a,Product Management,3c99d36d-f6a7-4237-b3c6-fd2ada2fa986,Features,d24aa123-889b-4e67-9f6f-e3b10f1c8610,Platform - Infrastructure,9,False
0dc08af7-d2d0-4a86-b50c-0114295cfdea,Starling,7d0eb151-14f4-4ab0-9db4-b785ee70ba0a,Product Management,3c99d36d-f6a7-4237-b3c6-fd2ada2fa986,Features,85e1cd57-e431-4f61-ac6b-4feda002a30d,Safeguard Remote Access,10,False
0dc08af7-d2d0-4a86-b50c-0114295cfdea,Starling,7d0eb151-14f4-4ab0-9db4-b785ee70ba0a,Product Management,3c99d36d-f6a7-4237-b3c6-fd2ada2fa986,Features,40b1eaa3-83b2-4afb-aca7-09a063696809,Safeguard Privilege Manager for Windows,11,False
0dc08af7-d2d0-4a86-b50c-0114295cfdea,Starling,7d0eb151-14f4-4ab0-9db4-b785ee70ba0a,Product Management,3c99d36d-f6a7-4237-b3c6-fd2ada2fa986,Features,a11a206c-8f12-462e-a26c-faef20e78f4a,SGOD - Starling Edition,12,False
0dc08af7-d2d0-4a86-b50c-0114295cfdea,Starling,7d0eb151-14f4-4ab0-9db4-b785ee70ba0a,Product Management,3c99d36d-f6a7-4237-b3c6-fd2ada2fa986,Features,59d39c90-e23d-4226-a453-9e5b9807609d,Operations,13,False
0dc08af7-d2d0-4a86-b50c-0114295cfdea,Starling,7d0eb151-14f4-4ab0-9db4-b785ee70ba0a,Product Management,3c99d36d-f6a7-4237-b3c6-fd2ada2fa986,Features,5e10e054-3d1c-4cc3-a2fe-8ca2916b954d,Process,14,False
0dc08af7-d2d0-4a86-b50c-0114295cfdea,Starling,7d0eb151-14f4-4ab0-9db4-b785ee70ba0a,Product Management,3c99d36d-f6a7-4237-b3c6-fd2ada2fa986,Features,0531d525-8490-488f-b1d3-c9bf30a071f0,Security/Compliance,15,False
0dc08af7-d2d0-4a86-b50c-0114295cfdea,Starling,7d0eb151-14f4-4ab0-9db4-b785ee70ba0a,Product Management,3c99d36d-f6a7-4237-b3c6-fd2ada2fa986,Features,00000000-0000-0000-0000-000000000000,,16,True
0dc08af7-d2d0-4a86-b50c-0114295cfdea,Starling,7d0eb151-14f4-4ab0-9db4-b785ee70ba0a,Product Management,0df6a118-86ee-46c7-a5c1-f9a24c8deda2,Initiatives,00000000-0000-0000-0000-000000000000,,1,True
0dc08af7-d2d0-4a86-b50c-0114295cfdea,Starling,,Security_Team_Backlog,3571f5a1-5dd9-4701-907e-ce1764239cf5,Backlog items,00000000-0000-0000-0000-000000000000,,1,True
0dc08af7-d2d0-4a86-b50c-0114295cfdea,Starling,b7bbc46c-1046-4ed5-a6fe-5472dbef5a74,Security Team,ac9a18d6-c576-45b0-9d38-c278364cd910,Epics,00000000-0000-0000-0000-000000000000,,1,True
0dc08af7-d2d0-4a86-b50c-0114295cfdea,Starling,b7bbc46c-1046-4ed5-a6fe-5472dbef5a74,Security Team,284347ed-7712-4a76-8ab7-750d37140195,Features,00000000-0000-0000-0000-000000000000,,1,True
0dc08af7-d2d0-4a86-b50c-0114295cfdea,Starling,b7bbc46c-1046-4ed5-a6fe-5472dbef5a74,Security Team,aa98adea-47a1-466d-bf55-64ebe7d4582f,Initiatives,00000000-0000-0000-0000-000000000000,,1,True
0dc08af7-d2d0-4a86-b50c-0114295cfdea,Starling,,TechComm_Team_Backlog,fc3981f3-41d7-4c5e-b33a-9f405f85a903,Backlog items,7d513e4a-6719-4f2f-8eb4-643bd0388ce5,Identity Manager On Demand,1,False
0dc08af7-d2d0-4a86-b50c-0114295cfdea,Starling,,TechComm_Team_Backlog,fc3981f3-41d7-4c5e-b33a-9f405f85a903,Backlog items,a78f127e-5ea6-4054-92c4-7a8b4df90444,One Identity Cloud,2,False
0dc08af7-d2d0-4a86-b50c-0114295cfdea,Starling,,TechComm_Team_Backlog,fc3981f3-41d7-4c5e-b33a-9f405f85a903,Backlog items,cd0cc562-cb8e-4dca-bce5-3f19b80f5980,One Identity PAM,3,False
0dc08af7-d2d0-4a86-b50c-0114295cfdea,Starling,,TechComm_Team_Backlog,fc3981f3-41d7-4c5e-b33a-9f405f85a903,Backlog items,19d1e1bf-0472-4bd9-bf77-f2eef617b696,Safeguard On Demand,4,False
0dc08af7-d2d0-4a86-b50c-0114295cfdea,Starling,,TechComm_Team_Backlog,fc3981f3-41d7-4c5e-b33a-9f405f85a903,Backlog items,98c60800-64bb-4cf8-922f-da9924e5f5a4,Safeguard Remote Access,5,False
0dc08af7-d2d0-4a86-b50c-0114295cfdea,Starling,,TechComm_Team_Backlog,fc3981f3-41d7-4c5e-b33a-9f405f85a903,Backlog items,c1c5fb26-249a-4fd7-aa00-005ddbb6709f,Starling Cloud Assistant,6,False
0dc08af7-d2d0-4a86-b50c-0114295cfdea,Starling,,TechComm_Team_Backlog,fc3981f3-41d7-4c5e-b33a-9f405f85a903,Backlog items,c21dec7f-20e8-4cbb-8724-36f481e3b09c,Starling Platform,7,False
0dc08af7-d2d0-4a86-b50c-0114295cfdea,Starling,,TechComm_Team_Backlog,fc3981f3-41d7-4c5e-b33a-9f405f85a903,Backlog items,6801355e-8516-42ec-9601-18cebed0a8c9,EPM,8,False
0dc08af7-d2d0-4a86-b50c-0114295cfdea,Starling,,TechComm_Team_Backlog,fc3981f3-41d7-4c5e-b33a-9f405f85a903,Backlog items,f1b8f8a8-83c4-498b-b6bb-fddb4e9266a8,Starling Connect,9,False
0dc08af7-d2d0-4a86-b50c-0114295cfdea,Starling,,TechComm_Team_Backlog,fc3981f3-41d7-4c5e-b33a-9f405f85a903,Backlog items,00000000-0000-0000-0000-000000000000,General,10,True
0dc08af7-d2d0-4a86-b50c-0114295cfdea,Starling,bf0885ba-dd19-4c18-ab74-1118ff449187,TechComm Team,3d12b2c6-1eb0-41de-a114-57f2942c1c3b,Epics,00000000-0000-0000-0000-000000000000,,1,True
0dc08af7-d2d0-4a86-b50c-0114295cfdea,Starling,bf0885ba-dd19-4c18-ab74-1118ff449187,TechComm Team,eef8baee-b459-4189-b8d9-34200adf57de,Features,00000000-0000-0000-0000-000000000000,,1,True
0dc08af7-d2d0-4a86-b50c-0114295cfdea,Starling,bf0885ba-dd19-4c18-ab74-1118ff449187,TechComm Team,4cf26f96-102c-420a-9ecf-3ebfd03f10b8,Initiatives,00000000-0000-0000-0000-000000000000,,1,True
0dc08af7-d2d0-4a86-b50c-0114295cfdea,Starling,,UI_Team_Backlog,611c7315-3541-46cd-b224-ead0389db074,Backlog items,00000000-0000-0000-0000-000000000000,,1,True
0dc08af7-d2d0-4a86-b50c-0114295cfdea,Starling,c319feb8-9916-4804-87ca-f78003e6a9f7,UI Team,dbc29d5c-c202-4676-be05-0074d39b191b,Epics,00000000-0000-0000-0000-000000000000,,1,True
0dc08af7-d2d0-4a86-b50c-0114295cfdea,Starling,c319feb8-9916-4804-87ca-f78003e6a9f7,UI Team,9674f796-b50a-4ef2-9b78-a6943bb020fd,Features,00000000-0000-0000-0000-000000000000,,1,True
0dc08af7-d2d0-4a86-b50c-0114295cfdea,Starling,c319feb8-9916-4804-87ca-f78003e6a9f7,UI Team,28f04baa-3e4e-4225-89ce-dc46b77f33c5,Initiatives,00000000-0000-0000-0000-000000000000,,1,True
0dc08af7-d2d0-4a86-b50c-0114295cfdea,Starling,,zCyclops_Backlog,79748299-26cd-4f64-ae99-2dacf9525c7b,Backlog items,00000000-0000-0000-0000-000000000000,,1,True
0dc08af7-d2d0-4a86-b50c-0114295cfdea,Starling,d051a72c-60c6-48b7-8247-894cb6b0dd6c,zCyclops,3f616374-35b1-4b7b-ba5e-ec489c846b70,Epics,00000000-0000-0000-0000-000000000000,,1,True
0dc08af7-d2d0-4a86-b50c-0114295cfdea,Starling,d051a72c-60c6-48b7-8247-894cb6b0dd6c,zCyclops,2ae3a951-f8cf-413a-8d77-16fc07432227,Features,00000000-0000-0000-0000-000000000000,,1,True
0dc08af7-d2d0-4a86-b50c-0114295cfdea,Starling,d051a72c-60c6-48b7-8247-894cb6b0dd6c,zCyclops,3ca3318a-b24f-4e0e-ae35-46965db90d36,Initiatives,00000000-0000-0000-0000-000000000000,,1,True
0dc08af7-d2d0-4a86-b50c-0114295cfdea,Starling,,zDirectory_Backlog,f6d34e56-6bfc-4c72-b931-903e6b69fe99,Backlog items,00000000-0000-0000-0000-000000000000,,1,True
0dc08af7-d2d0-4a86-b50c-0114295cfdea,Starling,e6805d83-779e-471d-9894-61ba95508eec,zDirectory,ba2c05ef-63dd-42e5-b5dd-08feb9945fb3,Epics,00000000-0000-0000-0000-000000000000,,1,True
0dc08af7-d2d0-4a86-b50c-0114295cfdea,Starling,e6805d83-779e-471d-9894-61ba95508eec,zDirectory,1c82808a-b55e-459c-ac9c-5837bb8c91f5,Features,00000000-0000-0000-0000-000000000000,,1,True
0dc08af7-d2d0-4a86-b50c-0114295cfdea,Starling,e6805d83-779e-471d-9894-61ba95508eec,zDirectory,dccfb567-6c79-4459-82df-b22882dbc58c,Initiatives,00000000-0000-0000-0000-000000000000,,1,True
0dc08af7-d2d0-4a86-b50c-0114295cfdea,Starling,,zFiber_Backlog,18cbde9f-34b3-4160-ac46-c4fcc86a1c16,Backlog items,00000000-0000-0000-0000-000000000000,,1,True
0dc08af7-d2d0-4a86-b50c-0114295cfdea,Starling,82ef1f12-9308-41f9-a2d4-609cd0ee510d,zFiber,909fce25-3a82-4af6-85d1-72f1bfcf537e,Epics,00000000-0000-0000-0000-000000000000,,1,True
0dc08af7-d2d0-4a86-b50c-0114295cfdea,Starling,82ef1f12-9308-41f9-a2d4-609cd0ee510d,zFiber,462110b4-1a61-46ee-bf01-4343a477d0c3,Features,00000000-0000-0000-0000-000000000000,,1,True
0dc08af7-d2d0-4a86-b50c-0114295cfdea,Starling,82ef1f12-9308-41f9-a2d4-609cd0ee510d,zFiber,71042c26-55f6-47e4-b092-2451305d5701,Initiatives,00000000-0000-0000-0000-000000000000,,1,True
0dc08af7-d2d0-4a86-b50c-0114295cfdea,Starling,,zManagement_Plane_Backlog,996cf7c2-c170-42d1-b73e-cf0752d693a0,Backlog items,00000000-0000-0000-0000-000000000000,,1,True
0dc08af7-d2d0-4a86-b50c-0114295cfdea,Starling,b17e8794-b8ea-494e-bb9a-3bfdb74dd2c1,zManagement Plane,d32a96f6-b51e-4a8e-ac6c-8c417fe6a0fd,Epics,00000000-0000-0000-0000-000000000000,,1,True
0dc08af7-d2d0-4a86-b50c-0114295cfdea,Starling,b17e8794-b8ea-494e-bb9a-3bfdb74dd2c1,zManagement Plane,d41d3824-f4f8-4c1a-9f66-c7371b44f079,Features,00000000-0000-0000-0000-000000000000,,1,True
0dc08af7-d2d0-4a86-b50c-0114295cfdea,Starling,b17e8794-b8ea-494e-bb9a-3bfdb74dd2c1,zManagement Plane,ababaa8f-3abe-4009-9900-f4980b3aeeb2,Initiatives,00000000-0000-0000-0000-000000000000,,1,True
0dc08af7-d2d0-4a86-b50c-0114295cfdea,Starling,,zSafeguard_Remote_Access_Team_Backlog,d34e24cb-74ac-4393-870a-ef7edb1194b5,Backlog items,b2e91767-a112-470a-9ce4-7829103e022a,Development Escalation,1,False
0dc08af7-d2d0-4a86-b50c-0114295cfdea,Starling,,zSafeguard_Remote_Access_Team_Backlog,d34e24cb-74ac-4393-870a-ef7edb1194b5,Backlog items,7aa37a22-047a-4004-b74d-e7029f6a6ca1,Technical Documentation,2,False
0dc08af7-d2d0-4a86-b50c-0114295cfdea,Starling,,zSafeguard_Remote_Access_Team_Backlog,d34e24cb-74ac-4393-870a-ef7edb1194b5,Backlog items,9f7f6540-add9-4be4-94af-f8343ba98133,DevOps,3,False
0dc08af7-d2d0-4a86-b50c-0114295cfdea,Starling,,zSafeguard_Remote_Access_Team_Backlog,d34e24cb-74ac-4393-870a-ef7edb1194b5,Backlog items,b3e62d2d-a711-488f-8e38-73d1e8224409,Frontend,4,False
0dc08af7-d2d0-4a86-b50c-0114295cfdea,Starling,,zSafeguard_Remote_Access_Team_Backlog,d34e24cb-74ac-4393-870a-ef7edb1194b5,Backlog items,00000000-0000-0000-0000-000000000000,Backend,5,True
0dc08af7-d2d0-4a86-b50c-0114295cfdea,Starling,5b19558d-e941-44ab-b16b-27e2c3c2a83b,zSafeguard Remote Access Team,949a2326-03f9-462f-b5bb-8398491af35c,Epics,00000000-0000-0000-0000-000000000000,,1,True
0dc08af7-d2d0-4a86-b50c-0114295cfdea,Starling,5b19558d-e941-44ab-b16b-27e2c3c2a83b,zSafeguard Remote Access Team,b83d940d-e7ce-4210-b640-156c8eeb9b38,Features,00000000-0000-0000-0000-000000000000,,1,True
0dc08af7-d2d0-4a86-b50c-0114295cfdea,Starling,5b19558d-e941-44ab-b16b-27e2c3c2a83b,zSafeguard Remote Access Team,5df263b3-7db9-49b4-a0f5-3d9bb5e674c3,Initiatives,00000000-0000-0000-0000-000000000000,,1,True
0dc08af7-d2d0-4a86-b50c-0114295cfdea,Starling,,zSGOD_QA_Backlog,8b38e27b-955a-4f51-82bc-d64ca3b68798,Backlog items,00000000-0000-0000-0000-000000000000,,1,True
0dc08af7-d2d0-4a86-b50c-0114295cfdea,Starling,86b15dd5-f5cd-4c02-8a58-3473932b538f,zSGOD QA,3a5d7eb5-5587-4a65-b7b4-c4797828aff7,Epics,00000000-0000-0000-0000-000000000000,,1,True
0dc08af7-d2d0-4a86-b50c-0114295cfdea,Starling,86b15dd5-f5cd-4c02-8a58-3473932b538f,zSGOD QA,e81c177a-55b7-4413-94e4-0f3f6932acd4,Features,00000000-0000-0000-0000-000000000000,,1,True
0dc08af7-d2d0-4a86-b50c-0114295cfdea,Starling,86b15dd5-f5cd-4c02-8a58-3473932b538f,zSGOD QA,32df01f3-bb01-4bfd-80b3-d1d1eab1c0a2,Initiatives,00000000-0000-0000-0000-000000000000,,1,True
0dc08af7-d2d0-4a86-b50c-0114295cfdea,Starling,,zSGOD_Team_Backlog,0c85f1cf-670a-4909-9240-5af95b03004b,Backlog items,00000000-0000-0000-0000-000000000000,,1,True
0dc08af7-d2d0-4a86-b50c-0114295cfdea,Starling,dbd8a0a3-127e-41cf-b1ab-6df0a8c02863,zSGOD Team,838d730c-03f3-40d6-bc27-5b8081928891,Epics,00000000-0000-0000-0000-000000000000,,1,True
0dc08af7-d2d0-4a86-b50c-0114295cfdea,Starling,dbd8a0a3-127e-41cf-b1ab-6df0a8c02863,zSGOD Team,b4a8f30d-1322-4272-a054-f9b7253ca4ca,Features,00000000-0000-0000-0000-000000000000,,1,True
0dc08af7-d2d0-4a86-b50c-0114295cfdea,Starling,dbd8a0a3-127e-41cf-b1ab-6df0a8c02863,zSGOD Team,a673de68-5d0f-4559-b085-c81f02f211c1,Initiatives,00000000-0000-0000-0000-000000000000,,1,True
